PUBLISHED: series=btc_open_interest_5m period=2020-09-01
[1/1583] 2020-09-01 PUBLISHED rows=576 distinct=288 dup=288 findings=[]
PUBLISHED: series=btc_open_interest_5m period=2020-09-02
[2/1583] 2020-09-02 PUBLISHED rows=576 distinct=288 dup=288 findings=[]
PUBLISHED: series=btc_open_interest_5m period=2020-09-03
[3/1583] 2020-09-03 PUBLISHED rows=576 distinct=288 dup=288 findings=[]
PUBLISHED: series=btc_open_interest_5m period=2020-09-04
[4/1583] 2020-09-04 PUBLISHED rows=576 distinct=288 dup=288 findings=[]
PUBLISHED: series=btc_open_interest_5m period=2020-09-05
[5/1583] 2020-09-05 PUBLISHED rows=576 distinct=288 dup=288 findings=[]
PUBLISHED: series=btc_open_interest_5m period=2020-09-06
[6/1583] 2020-09-06 PUBLISHED rows=576 distinct=288 dup=288 findings=[]
PUBLISHED: series=btc_open_interest_5m period=2020-09-07
[7/1583] 2020-09-07 PUBLISHED rows=576 distinct=288 dup=288 findings=[]
PUBLISHED: series=btc_open_interest_5m period=2020-09-08
[8/1583] 2020-09-08 PUBLISHED rows=576 distinct=288 dup=288 findings=[]
PUBLISHED: series=btc_open_interest_5m period=2020-09-09
[9/1583] 2020-09-09 PUBLISHED rows=576 distinct=288 dup=288 findings=[]
PUBLISHED: series=btc_open_interest_5m period=2020-09-10
[10/1583] 2020-09-10 PUBLISHED rows=576 distinct=288 dup=288 findings=[]
PUBLISHED: series=btc_open_interest_5m period=2020-09-11
[11/1583] 2020-09-11 PUBLISHED rows=576 distinct=288 dup=288 findings=[]
PUBLISHED: series=btc_open_interest_5m period=2020-09-12
[12/1583] 2020-09-12 PUBLISHED rows=576 distinct=288 dup=288 findings=[]
PUBLISHED: series=btc_open_interest_5m period=2020-09-13
[13/1583] 2020-09-13 PUBLISHED rows=576 distinct=288 dup=288 findings=[]
PUBLISHED: series=btc_open_interest_5m period=2020-09-14
[14/1583] 2020-09-14 PUBLISHED rows=576 distinct=288 dup=288 findings=[]
PUBLISHED: series=btc_open_interest_5m period=2020-09-15
[15/1583] 2020-09-15 PUBLISHED rows=576 distinct=288 dup=288 findings=[]
PUBLISHED: series=btc_open_interest_5m period=2020-09-16
[16/1583] 2020-09-16 PUBLISHED rows=576 distinct=288 dup=288 findings=[]
PUBLISHED: series=btc_open_interest_5m period=2020-09-17
[17/1583] 2020-09-17 PUBLISHED rows=576 distinct=288 dup=288 findings=[]
PUBLISHED: series=btc_open_interest_5m period=2020-09-18
[18/1583] 2020-09-18 PUBLISHED rows=576 distinct=288 dup=288 findings=[]
PUBLISHED: series=btc_open_interest_5m period=2020-09-19
[19/1583] 2020-09-19 PUBLISHED rows=576 distinct=288 dup=288 findings=[]
PUBLISHED: series=btc_open_interest_5m period=2020-09-20
[20/1583] 2020-09-20 PUBLISHED rows=576 distinct=288 dup=288 findings=[]
PUBLISHED: series=btc_open_interest_5m period=2020-09-21
[21/1583] 2020-09-21 PUBLISHED rows=576 distinct=288 dup=288 findings=[]
PUBLISHED: series=btc_open_interest_5m period=2020-09-22
[22/1583] 2020-09-22 PUBLISHED rows=576 distinct=288 dup=288 findings=[]
PUBLISHED: series=btc_open_interest_5m period=2020-09-23
[23/1583] 2020-09-23 PUBLISHED rows=576 distinct=288 dup=288 findings=[]
PUBLISHED: series=btc_open_interest_5m period=2020-09-24
[24/1583] 2020-09-24 PUBLISHED rows=576 distinct=288 dup=288 findings=[]
PUBLISHED: series=btc_open_interest_5m period=2020-09-25
[25/1583] 2020-09-25 PUBLISHED rows=576 distinct=288 dup=288 findings=[]
PUBLISHED: series=btc_open_interest_5m period=2020-09-26
[26/1583] 2020-09-26 PUBLISHED rows=576 distinct=288 dup=288 findings=[]
BLOCKED: series=btc_open_interest_5m period=2020-09-27
[27/1583] 2020-09-27 BLOCKED rows=568 distinct=284 dup=284 findings=['oi_daily_boundary']
PUBLISHED: series=btc_open_interest_5m period=2020-09-28
[28/1583] 2020-09-28 PUBLISHED rows=576 distinct=288 dup=288 findings=[]
PUBLISHED: series=btc_open_interest_5m period=2020-09-29
[29/1583] 2020-09-29 PUBLISHED rows=576 distinct=288 dup=288 findings=[]
PUBLISHED: series=btc_open_interest_5m period=2020-09-30
[30/1583] 2020-09-30 PUBLISHED rows=576 distinct=288 dup=288 findings=[]
PUBLISHED: series=btc_open_interest_5m period=2020-10-01
[31/1583] 2020-10-01 PUBLISHED rows=576 distinct=288 dup=288 findings=[]
PUBLISHED: series=btc_open_interest_5m period=2020-10-02
[32/1583] 2020-10-02 PUBLISHED rows=576 distinct=288 dup=288 findings=[]
PUBLISHED: series=btc_open_interest_5m period=2020-10-03
[33/1583] 2020-10-03 PUBLISHED rows=576 distinct=288 dup=288 findings=[]
PUBLISHED: series=btc_open_interest_5m period=2020-10-04
[34/1583] 2020-10-04 PUBLISHED rows=576 distinct=288 dup=288 findings=[]
PUBLISHED: series=btc_open_interest_5m period=2020-10-05
[35/1583] 2020-10-05 PUBLISHED rows=576 distinct=288 dup=288 findings=[]
PUBLISHED: series=btc_open_interest_5m period=2020-10-06
[36/1583] 2020-10-06 PUBLISHED rows=576 distinct=288 dup=288 findings=[]
PUBLISHED: series=btc_open_interest_5m period=2020-10-07
[37/1583] 2020-10-07 PUBLISHED rows=576 distinct=288 dup=288 findings=[]
PUBLISHED: series=btc_open_interest_5m period=2020-10-08
[38/1583] 2020-10-08 PUBLISHED rows=576 distinct=288 dup=288 findings=[]
PUBLISHED: series=btc_open_interest_5m period=2020-10-09
[39/1583] 2020-10-09 PUBLISHED rows=576 distinct=288 dup=288 findings=[]
PUBLISHED: series=btc_open_interest_5m period=2020-10-10
[40/1583] 2020-10-10 PUBLISHED rows=576 distinct=288 dup=288 findings=[]
PUBLISHED: series=btc_open_interest_5m period=2020-10-11
[41/1583] 2020-10-11 PUBLISHED rows=576 distinct=288 dup=288 findings=[]
PUBLISHED: series=btc_open_interest_5m period=2020-10-12
[42/1583] 2020-10-12 PUBLISHED rows=576 distinct=288 dup=288 findings=[]
PUBLISHED: series=btc_open_interest_5m period=2020-10-13
[43/1583] 2020-10-13 PUBLISHED rows=576 distinct=288 dup=288 findings=[]
PUBLISHED: series=btc_open_interest_5m period=2020-10-14
[44/1583] 2020-10-14 PUBLISHED rows=576 distinct=288 dup=288 findings=[]
PUBLISHED: series=btc_open_interest_5m period=2020-10-15
[45/1583] 2020-10-15 PUBLISHED rows=576 distinct=288 dup=288 findings=[]
PUBLISHED: series=btc_open_interest_5m period=2020-10-16
[46/1583] 2020-10-16 PUBLISHED rows=576 distinct=288 dup=288 findings=[]
PUBLISHED: series=btc_open_interest_5m period=2020-10-17
[47/1583] 2020-10-17 PUBLISHED rows=576 distinct=288 dup=288 findings=[]
PUBLISHED: series=btc_open_interest_5m period=2020-10-18
[48/1583] 2020-10-18 PUBLISHED rows=576 distinct=288 dup=288 findings=[]
PUBLISHED: series=btc_open_interest_5m period=2020-10-19
[49/1583] 2020-10-19 PUBLISHED rows=576 distinct=288 dup=288 findings=[]
PUBLISHED: series=btc_open_interest_5m period=2020-10-20
[50/1583] 2020-10-20 PUBLISHED rows=576 distinct=288 dup=288 findings=[]
PUBLISHED: series=btc_open_interest_5m period=2020-10-21
[51/1583] 2020-10-21 PUBLISHED rows=576 distinct=288 dup=288 findings=[]
BLOCKED: series=btc_open_interest_5m period=2020-10-22
[52/1583] 2020-10-22 BLOCKED rows=556 distinct=278 dup=278 findings=['oi_daily_boundary']
PUBLISHED: series=btc_open_interest_5m period=2020-10-23
[53/1583] 2020-10-23 PUBLISHED rows=576 distinct=288 dup=288 findings=[]
PUBLISHED: series=btc_open_interest_5m period=2020-10-24
[54/1583] 2020-10-24 PUBLISHED rows=576 distinct=288 dup=288 findings=[]
PUBLISHED: series=btc_open_interest_5m period=2020-10-25
[55/1583] 2020-10-25 PUBLISHED rows=576 distinct=288 dup=288 findings=[]
PUBLISHED: series=btc_open_interest_5m period=2020-10-26
[56/1583] 2020-10-26 PUBLISHED rows=576 distinct=288 dup=288 findings=[]
PUBLISHED: series=btc_open_interest_5m period=2020-10-27
[57/1583] 2020-10-27 PUBLISHED rows=576 distinct=288 dup=288 findings=[]
PUBLISHED: series=btc_open_interest_5m period=2020-10-28
[58/1583] 2020-10-28 PUBLISHED rows=576 distinct=288 dup=288 findings=[]
PUBLISHED: series=btc_open_interest_5m period=2020-10-29
[59/1583] 2020-10-29 PUBLISHED rows=576 distinct=288 dup=288 findings=[]
PUBLISHED: series=btc_open_interest_5m period=2020-10-30
[60/1583] 2020-10-30 PUBLISHED rows=576 distinct=288 dup=288 findings=[]
PUBLISHED: series=btc_open_interest_5m period=2020-10-31
[61/1583] 2020-10-31 PUBLISHED rows=576 distinct=288 dup=288 findings=[]
PUBLISHED: series=btc_open_interest_5m period=2020-11-01
[62/1583] 2020-11-01 PUBLISHED rows=576 distinct=288 dup=288 findings=[]
PUBLISHED: series=btc_open_interest_5m period=2020-11-02
[63/1583] 2020-11-02 PUBLISHED rows=576 distinct=288 dup=288 findings=[]
PUBLISHED: series=btc_open_interest_5m period=2020-11-03
[64/1583] 2020-11-03 PUBLISHED rows=576 distinct=288 dup=288 findings=[]
PUBLISHED: series=btc_open_interest_5m period=2020-11-04
[65/1583] 2020-11-04 PUBLISHED rows=576 distinct=288 dup=288 findings=[]
PUBLISHED: series=btc_open_interest_5m period=2020-11-05
[66/1583] 2020-11-05 PUBLISHED rows=576 distinct=288 dup=288 findings=[]
PUBLISHED: series=btc_open_interest_5m period=2020-11-06
[67/1583] 2020-11-06 PUBLISHED rows=576 distinct=288 dup=288 findings=[]
PUBLISHED: series=btc_open_interest_5m period=2020-11-07
[68/1583] 2020-11-07 PUBLISHED rows=576 distinct=288 dup=288 findings=[]
PUBLISHED: series=btc_open_interest_5m period=2020-11-08
[69/1583] 2020-11-08 PUBLISHED rows=576 distinct=288 dup=288 findings=[]
PUBLISHED: series=btc_open_interest_5m period=2020-11-09
[70/1583] 2020-11-09 PUBLISHED rows=576 distinct=288 dup=288 findings=[]
PUBLISHED: series=btc_open_interest_5m period=2020-11-10
[71/1583] 2020-11-10 PUBLISHED rows=576 distinct=288 dup=288 findings=[]
PUBLISHED: series=btc_open_interest_5m period=2020-11-11
[72/1583] 2020-11-11 PUBLISHED rows=576 distinct=288 dup=288 findings=[]
PUBLISHED: series=btc_open_interest_5m period=2020-11-12
[73/1583] 2020-11-12 PUBLISHED rows=576 distinct=288 dup=288 findings=[]
PUBLISHED: series=btc_open_interest_5m period=2020-11-13
[74/1583] 2020-11-13 PUBLISHED rows=576 distinct=288 dup=288 findings=[]
PUBLISHED: series=btc_open_interest_5m period=2020-11-14
[75/1583] 2020-11-14 PUBLISHED rows=576 distinct=288 dup=288 findings=[]
BLOCKED: series=btc_open_interest_5m period=2020-11-15
[76/1583] 2020-11-15 BLOCKED rows=554 distinct=277 dup=277 findings=['oi_daily_boundary']
PUBLISHED: series=btc_open_interest_5m period=2020-11-16
[77/1583] 2020-11-16 PUBLISHED rows=576 distinct=288 dup=288 findings=[]
PUBLISHED: series=btc_open_interest_5m period=2020-11-17
[78/1583] 2020-11-17 PUBLISHED rows=576 distinct=288 dup=288 findings=[]
PUBLISHED: series=btc_open_interest_5m period=2020-11-18
[79/1583] 2020-11-18 PUBLISHED rows=576 distinct=288 dup=288 findings=[]
PUBLISHED: series=btc_open_interest_5m period=2020-11-19
[80/1583] 2020-11-19 PUBLISHED rows=576 distinct=288 dup=288 findings=[]
PUBLISHED: series=btc_open_interest_5m period=2020-11-20
[81/1583] 2020-11-20 PUBLISHED rows=576 distinct=288 dup=288 findings=[]
BLOCKED: series=btc_open_interest_5m period=2020-11-21
[82/1583] 2020-11-21 BLOCKED rows=560 distinct=280 dup=280 findings=['oi_daily_boundary']
PUBLISHED: series=btc_open_interest_5m period=2020-11-22
[83/1583] 2020-11-22 PUBLISHED rows=576 distinct=288 dup=288 findings=[]
PUBLISHED: series=btc_open_interest_5m period=2020-11-23
[84/1583] 2020-11-23 PUBLISHED rows=576 distinct=288 dup=288 findings=[]
PUBLISHED: series=btc_open_interest_5m period=2020-11-24
[85/1583] 2020-11-24 PUBLISHED rows=576 distinct=288 dup=288 findings=[]
PUBLISHED: series=btc_open_interest_5m period=2020-11-25
[86/1583] 2020-11-25 PUBLISHED rows=576 distinct=288 dup=288 findings=[]
PUBLISHED: series=btc_open_interest_5m period=2020-11-26
[87/1583] 2020-11-26 PUBLISHED rows=576 distinct=288 dup=288 findings=[]
PUBLISHED: series=btc_open_interest_5m period=2020-11-27
[88/1583] 2020-11-27 PUBLISHED rows=576 distinct=288 dup=288 findings=[]
PUBLISHED: series=btc_open_interest_5m period=2020-11-28
[89/1583] 2020-11-28 PUBLISHED rows=576 distinct=288 dup=288 findings=[]
PUBLISHED: series=btc_open_interest_5m period=2020-11-29
[90/1583] 2020-11-29 PUBLISHED rows=576 distinct=288 dup=288 findings=[]
PUBLISHED: series=btc_open_interest_5m period=2020-11-30
[91/1583] 2020-11-30 PUBLISHED rows=576 distinct=288 dup=288 findings=[]
PUBLISHED: series=btc_open_interest_5m period=2020-12-01
[92/1583] 2020-12-01 PUBLISHED rows=576 distinct=288 dup=288 findings=[]
PUBLISHED: series=btc_open_interest_5m period=2020-12-02
[93/1583] 2020-12-02 PUBLISHED rows=576 distinct=288 dup=288 findings=[]
PUBLISHED: series=btc_open_interest_5m period=2020-12-03
[94/1583] 2020-12-03 PUBLISHED rows=576 distinct=288 dup=288 findings=[]
PUBLISHED: series=btc_open_interest_5m period=2020-12-04
[95/1583] 2020-12-04 PUBLISHED rows=576 distinct=288 dup=288 findings=[]
PUBLISHED: series=btc_open_interest_5m period=2020-12-05
[96/1583] 2020-12-05 PUBLISHED rows=576 distinct=288 dup=288 findings=[]
PUBLISHED: series=btc_open_interest_5m period=2020-12-06
[97/1583] 2020-12-06 PUBLISHED rows=576 distinct=288 dup=288 findings=[]
PUBLISHED: series=btc_open_interest_5m period=2020-12-07
[98/1583] 2020-12-07 PUBLISHED rows=576 distinct=288 dup=288 findings=[]
PUBLISHED: series=btc_open_interest_5m period=2020-12-08
[99/1583] 2020-12-08 PUBLISHED rows=576 distinct=288 dup=288 findings=[]
PUBLISHED: series=btc_open_interest_5m period=2020-12-09
[100/1583] 2020-12-09 PUBLISHED rows=576 distinct=288 dup=288 findings=[]
PUBLISHED: series=btc_open_interest_5m period=2020-12-10
[101/1583] 2020-12-10 PUBLISHED rows=576 distinct=288 dup=288 findings=[]
PUBLISHED: series=btc_open_interest_5m period=2020-12-11
[102/1583] 2020-12-11 PUBLISHED rows=576 distinct=288 dup=288 findings=[]
PUBLISHED: series=btc_open_interest_5m period=2020-12-12
[103/1583] 2020-12-12 PUBLISHED rows=576 distinct=288 dup=288 findings=[]
PUBLISHED: series=btc_open_interest_5m period=2020-12-13
[104/1583] 2020-12-13 PUBLISHED rows=576 distinct=288 dup=288 findings=[]
PUBLISHED: series=btc_open_interest_5m period=2020-12-14
[105/1583] 2020-12-14 PUBLISHED rows=576 distinct=288 dup=288 findings=[]
PUBLISHED: series=btc_open_interest_5m period=2020-12-15
[106/1583] 2020-12-15 PUBLISHED rows=576 distinct=288 dup=288 findings=[]
PUBLISHED: series=btc_open_interest_5m period=2020-12-16
[107/1583] 2020-12-16 PUBLISHED rows=576 distinct=288 dup=288 findings=[]
PUBLISHED: series=btc_open_interest_5m period=2020-12-17
[108/1583] 2020-12-17 PUBLISHED rows=576 distinct=288 dup=288 findings=[]
PUBLISHED: series=btc_open_interest_5m period=2020-12-18
[109/1583] 2020-12-18 PUBLISHED rows=576 distinct=288 dup=288 findings=[]
PUBLISHED: series=btc_open_interest_5m period=2020-12-19
[110/1583] 2020-12-19 PUBLISHED rows=576 distinct=288 dup=288 findings=[]
PUBLISHED: series=btc_open_interest_5m period=2020-12-20
[111/1583] 2020-12-20 PUBLISHED rows=576 distinct=288 dup=288 findings=[]
PUBLISHED: series=btc_open_interest_5m period=2020-12-21
[112/1583] 2020-12-21 PUBLISHED rows=576 distinct=288 dup=288 findings=[]
PUBLISHED: series=btc_open_interest_5m period=2020-12-22
[113/1583] 2020-12-22 PUBLISHED rows=576 distinct=288 dup=288 findings=[]
PUBLISHED: series=btc_open_interest_5m period=2020-12-23
[114/1583] 2020-12-23 PUBLISHED rows=576 distinct=288 dup=288 findings=[]
PUBLISHED: series=btc_open_interest_5m period=2020-12-24
[115/1583] 2020-12-24 PUBLISHED rows=576 distinct=288 dup=288 findings=[]
PUBLISHED: series=btc_open_interest_5m period=2020-12-25
[116/1583] 2020-12-25 PUBLISHED rows=576 distinct=288 dup=288 findings=[]
PUBLISHED: series=btc_open_interest_5m period=2020-12-26
[117/1583] 2020-12-26 PUBLISHED rows=576 distinct=288 dup=288 findings=[]
PUBLISHED: series=btc_open_interest_5m period=2020-12-27
[118/1583] 2020-12-27 PUBLISHED rows=576 distinct=288 dup=288 findings=[]
PUBLISHED: series=btc_open_interest_5m period=2020-12-28
[119/1583] 2020-12-28 PUBLISHED rows=576 distinct=288 dup=288 findings=[]
PUBLISHED: series=btc_open_interest_5m period=2020-12-29
[120/1583] 2020-12-29 PUBLISHED rows=576 distinct=288 dup=288 findings=[]
PUBLISHED: series=btc_open_interest_5m period=2020-12-30
[121/1583] 2020-12-30 PUBLISHED rows=576 distinct=288 dup=288 findings=[]
PUBLISHED: series=btc_open_interest_5m period=2020-12-31
[122/1583] 2020-12-31 PUBLISHED rows=576 distinct=288 dup=288 findings=[]
PUBLISHED: series=btc_open_interest_5m period=2021-01-01
[123/1583] 2021-01-01 PUBLISHED rows=576 distinct=288 dup=288 findings=[]
PUBLISHED: series=btc_open_interest_5m period=2021-01-02
[124/1583] 2021-01-02 PUBLISHED rows=576 distinct=288 dup=288 findings=[]
PUBLISHED: series=btc_open_interest_5m period=2021-01-03
[125/1583] 2021-01-03 PUBLISHED rows=576 distinct=288 dup=288 findings=[]
PUBLISHED: series=btc_open_interest_5m period=2021-01-04
[126/1583] 2021-01-04 PUBLISHED rows=576 distinct=288 dup=288 findings=[]
PUBLISHED: series=btc_open_interest_5m period=2021-01-05
[127/1583] 2021-01-05 PUBLISHED rows=576 distinct=288 dup=288 findings=[]
PUBLISHED: series=btc_open_interest_5m period=2021-01-06
[128/1583] 2021-01-06 PUBLISHED rows=576 distinct=288 dup=288 findings=[]
PUBLISHED: series=btc_open_interest_5m period=2021-01-07
[129/1583] 2021-01-07 PUBLISHED rows=576 distinct=288 dup=288 findings=[]
PUBLISHED: series=btc_open_interest_5m period=2021-01-08
[130/1583] 2021-01-08 PUBLISHED rows=576 distinct=288 dup=288 findings=[]
PUBLISHED: series=btc_open_interest_5m period=2021-01-09
[131/1583] 2021-01-09 PUBLISHED rows=576 distinct=288 dup=288 findings=[]
PUBLISHED: series=btc_open_interest_5m period=2021-01-10
[132/1583] 2021-01-10 PUBLISHED rows=576 distinct=288 dup=288 findings=[]
PUBLISHED: series=btc_open_interest_5m period=2021-01-11
[133/1583] 2021-01-11 PUBLISHED rows=576 distinct=288 dup=288 findings=[]
PUBLISHED: series=btc_open_interest_5m period=2021-01-12
[134/1583] 2021-01-12 PUBLISHED rows=576 distinct=288 dup=288 findings=[]
PUBLISHED: series=btc_open_interest_5m period=2021-01-13
[135/1583] 2021-01-13 PUBLISHED rows=576 distinct=288 dup=288 findings=[]
PUBLISHED: series=btc_open_interest_5m period=2021-01-14
[136/1583] 2021-01-14 PUBLISHED rows=576 distinct=288 dup=288 findings=[]
PUBLISHED: series=btc_open_interest_5m period=2021-01-15
[137/1583] 2021-01-15 PUBLISHED rows=576 distinct=288 dup=288 findings=[]
PUBLISHED: series=btc_open_interest_5m period=2021-01-16
[138/1583] 2021-01-16 PUBLISHED rows=576 distinct=288 dup=288 findings=[]
PUBLISHED: series=btc_open_interest_5m period=2021-01-17
[139/1583] 2021-01-17 PUBLISHED rows=576 distinct=288 dup=288 findings=[]
PUBLISHED: series=btc_open_interest_5m period=2021-01-18
[140/1583] 2021-01-18 PUBLISHED rows=576 distinct=288 dup=288 findings=[]
PUBLISHED: series=btc_open_interest_5m period=2021-01-19
[141/1583] 2021-01-19 PUBLISHED rows=576 distinct=288 dup=288 findings=[]
BLOCKED: series=btc_open_interest_5m period=2021-01-20
[142/1583] 2021-01-20 BLOCKED rows=542 distinct=271 dup=271 findings=['oi_daily_boundary']
PUBLISHED: series=btc_open_interest_5m period=2021-01-21
[143/1583] 2021-01-21 PUBLISHED rows=576 distinct=288 dup=288 findings=[]
PUBLISHED: series=btc_open_interest_5m period=2021-01-22
[144/1583] 2021-01-22 PUBLISHED rows=576 distinct=288 dup=288 findings=[]
PUBLISHED: series=btc_open_interest_5m period=2021-01-23
[145/1583] 2021-01-23 PUBLISHED rows=576 distinct=288 dup=288 findings=[]
PUBLISHED: series=btc_open_interest_5m period=2021-01-24
[146/1583] 2021-01-24 PUBLISHED rows=576 distinct=288 dup=288 findings=[]
PUBLISHED: series=btc_open_interest_5m period=2021-01-25
[147/1583] 2021-01-25 PUBLISHED rows=576 distinct=288 dup=288 findings=[]
PUBLISHED: series=btc_open_interest_5m period=2021-01-26
[148/1583] 2021-01-26 PUBLISHED rows=576 distinct=288 dup=288 findings=[]
PUBLISHED: series=btc_open_interest_5m period=2021-01-27
[149/1583] 2021-01-27 PUBLISHED rows=576 distinct=288 dup=288 findings=[]
PUBLISHED: series=btc_open_interest_5m period=2021-01-28
[150/1583] 2021-01-28 PUBLISHED rows=576 distinct=288 dup=288 findings=[]
PUBLISHED: series=btc_open_interest_5m period=2021-01-29
[151/1583] 2021-01-29 PUBLISHED rows=576 distinct=288 dup=288 findings=[]
PUBLISHED: series=btc_open_interest_5m period=2021-01-30
[152/1583] 2021-01-30 PUBLISHED rows=576 distinct=288 dup=288 findings=[]
PUBLISHED: series=btc_open_interest_5m period=2021-01-31
[153/1583] 2021-01-31 PUBLISHED rows=576 distinct=288 dup=288 findings=[]
PUBLISHED: series=btc_open_interest_5m period=2021-02-01
[154/1583] 2021-02-01 PUBLISHED rows=576 distinct=288 dup=288 findings=[]
PUBLISHED: series=btc_open_interest_5m period=2021-02-02
[155/1583] 2021-02-02 PUBLISHED rows=576 distinct=288 dup=288 findings=[]
PUBLISHED: series=btc_open_interest_5m period=2021-02-03
[156/1583] 2021-02-03 PUBLISHED rows=576 distinct=288 dup=288 findings=[]
PUBLISHED: series=btc_open_interest_5m period=2021-02-04
[157/1583] 2021-02-04 PUBLISHED rows=576 distinct=288 dup=288 findings=[]
BLOCKED: series=btc_open_interest_5m period=2021-02-05
[158/1583] 2021-02-05 BLOCKED rows=558 distinct=279 dup=279 findings=['oi_daily_boundary']
PUBLISHED: series=btc_open_interest_5m period=2021-02-06
[159/1583] 2021-02-06 PUBLISHED rows=576 distinct=288 dup=288 findings=[]
BLOCKED: series=btc_open_interest_5m period=2021-02-07
[160/1583] 2021-02-07 BLOCKED rows=574 distinct=287 dup=287 findings=['oi_daily_boundary']
PUBLISHED: series=btc_open_interest_5m period=2021-02-08
[161/1583] 2021-02-08 PUBLISHED rows=576 distinct=288 dup=288 findings=[]
PUBLISHED: series=btc_open_interest_5m period=2021-02-09
[162/1583] 2021-02-09 PUBLISHED rows=576 distinct=288 dup=288 findings=[]
BLOCKED: series=btc_open_interest_5m period=2021-02-10
[163/1583] 2021-02-10 BLOCKED rows=574 distinct=287 dup=287 findings=['oi_daily_boundary']
BLOCKED: series=btc_open_interest_5m period=2021-02-11
[164/1583] 2021-02-11 BLOCKED rows=552 distinct=276 dup=276 findings=['oi_daily_boundary']
PUBLISHED: series=btc_open_interest_5m period=2021-02-12
[165/1583] 2021-02-12 PUBLISHED rows=576 distinct=288 dup=288 findings=[]
PUBLISHED: series=btc_open_interest_5m period=2021-02-13
[166/1583] 2021-02-13 PUBLISHED rows=576 distinct=288 dup=288 findings=[]
PUBLISHED: series=btc_open_interest_5m period=2021-02-14
[167/1583] 2021-02-14 PUBLISHED rows=576 distinct=288 dup=288 findings=[]
BLOCKED: series=btc_open_interest_5m period=2021-02-15
[168/1583] 2021-02-15 BLOCKED rows=570 distinct=285 dup=285 findings=['oi_daily_boundary']
BLOCKED: series=btc_open_interest_5m period=2021-02-16
[169/1583] 2021-02-16 BLOCKED rows=574 distinct=287 dup=287 findings=['oi_daily_boundary']
PUBLISHED: series=btc_open_interest_5m period=2021-02-17
[170/1583] 2021-02-17 PUBLISHED rows=576 distinct=288 dup=288 findings=[]
BLOCKED: series=btc_open_interest_5m period=2021-02-18
[171/1583] 2021-02-18 BLOCKED rows=574 distinct=287 dup=287 findings=['oi_daily_boundary']
BLOCKED: series=btc_open_interest_5m period=2021-02-19
[172/1583] 2021-02-19 BLOCKED rows=436 distinct=218 dup=218 findings=['oi_daily_boundary']
BLOCKED: series=btc_open_interest_5m period=2021-02-20
[173/1583] 2021-02-20 BLOCKED rows=544 distinct=272 dup=272 findings=['oi_daily_boundary']
PUBLISHED: series=btc_open_interest_5m period=2021-02-21
[174/1583] 2021-02-21 PUBLISHED rows=576 distinct=288 dup=288 findings=[]
PUBLISHED: series=btc_open_interest_5m period=2021-02-22
[175/1583] 2021-02-22 PUBLISHED rows=576 distinct=288 dup=288 findings=[]
PUBLISHED: series=btc_open_interest_5m period=2021-02-23
[176/1583] 2021-02-23 PUBLISHED rows=576 distinct=288 dup=288 findings=[]
BLOCKED: series=btc_open_interest_5m period=2021-02-24
[177/1583] 2021-02-24 BLOCKED rows=574 distinct=287 dup=287 findings=['oi_daily_boundary']
PUBLISHED: series=btc_open_interest_5m period=2021-02-25
[178/1583] 2021-02-25 PUBLISHED rows=576 distinct=288 dup=288 findings=[]
PUBLISHED: series=btc_open_interest_5m period=2021-02-26
[179/1583] 2021-02-26 PUBLISHED rows=576 distinct=288 dup=288 findings=[]
PUBLISHED: series=btc_open_interest_5m period=2021-02-27
[180/1583] 2021-02-27 PUBLISHED rows=576 distinct=288 dup=288 findings=[]
BLOCKED: series=btc_open_interest_5m period=2021-02-28
[181/1583] 2021-02-28 BLOCKED rows=574 distinct=287 dup=287 findings=['oi_daily_boundary']
PUBLISHED: series=btc_open_interest_5m period=2021-03-01
[182/1583] 2021-03-01 PUBLISHED rows=576 distinct=288 dup=288 findings=[]
PUBLISHED: series=btc_open_interest_5m period=2021-03-02
[183/1583] 2021-03-02 PUBLISHED rows=576 distinct=288 dup=288 findings=[]
PUBLISHED: series=btc_open_interest_5m period=2021-03-03
[184/1583] 2021-03-03 PUBLISHED rows=576 distinct=288 dup=288 findings=[]
PUBLISHED: series=btc_open_interest_5m period=2021-03-04
[185/1583] 2021-03-04 PUBLISHED rows=576 distinct=288 dup=288 findings=[]
BLOCKED: series=btc_open_interest_5m period=2021-03-05
[186/1583] 2021-03-05 BLOCKED rows=574 distinct=287 dup=287 findings=['oi_daily_boundary']
PUBLISHED: series=btc_open_interest_5m period=2021-03-06
[187/1583] 2021-03-06 PUBLISHED rows=576 distinct=288 dup=288 findings=[]
PUBLISHED: series=btc_open_interest_5m period=2021-03-07
[188/1583] 2021-03-07 PUBLISHED rows=576 distinct=288 dup=288 findings=[]
PUBLISHED: series=btc_open_interest_5m period=2021-03-08
[189/1583] 2021-03-08 PUBLISHED rows=576 distinct=288 dup=288 findings=[]
PUBLISHED: series=btc_open_interest_5m period=2021-03-09
[190/1583] 2021-03-09 PUBLISHED rows=576 distinct=288 dup=288 findings=[]
BLOCKED: series=btc_open_interest_5m period=2021-03-10
[191/1583] 2021-03-10 BLOCKED rows=574 distinct=287 dup=287 findings=['oi_daily_boundary']
PUBLISHED: series=btc_open_interest_5m period=2021-03-11
[192/1583] 2021-03-11 PUBLISHED rows=576 distinct=288 dup=288 findings=[]
BLOCKED: series=btc_open_interest_5m period=2021-03-12
[193/1583] 2021-03-12 BLOCKED rows=574 distinct=287 dup=287 findings=['oi_daily_boundary']
PUBLISHED: series=btc_open_interest_5m period=2021-03-13
[194/1583] 2021-03-13 PUBLISHED rows=576 distinct=288 dup=288 findings=[]
BLOCKED: series=btc_open_interest_5m period=2021-03-14
[195/1583] 2021-03-14 BLOCKED rows=570 distinct=285 dup=285 findings=['oi_daily_boundary']
PUBLISHED: series=btc_open_interest_5m period=2021-03-15
[196/1583] 2021-03-15 PUBLISHED rows=576 distinct=288 dup=288 findings=[]
PUBLISHED: series=btc_open_interest_5m period=2021-03-16
[197/1583] 2021-03-16 PUBLISHED rows=576 distinct=288 dup=288 findings=[]
PUBLISHED: series=btc_open_interest_5m period=2021-03-17
[198/1583] 2021-03-17 PUBLISHED rows=576 distinct=288 dup=288 findings=[]
PUBLISHED: series=btc_open_interest_5m period=2021-03-18
[199/1583] 2021-03-18 PUBLISHED rows=576 distinct=288 dup=288 findings=[]
PUBLISHED: series=btc_open_interest_5m period=2021-03-19
[200/1583] 2021-03-19 PUBLISHED rows=576 distinct=288 dup=288 findings=[]
PUBLISHED: series=btc_open_interest_5m period=2021-03-20
[201/1583] 2021-03-20 PUBLISHED rows=576 distinct=288 dup=288 findings=[]
PUBLISHED: series=btc_open_interest_5m period=2021-03-21
[202/1583] 2021-03-21 PUBLISHED rows=576 distinct=288 dup=288 findings=[]
PUBLISHED: series=btc_open_interest_5m period=2021-03-22
[203/1583] 2021-03-22 PUBLISHED rows=576 distinct=288 dup=288 findings=[]
PUBLISHED: series=btc_open_interest_5m period=2021-03-23
[204/1583] 2021-03-23 PUBLISHED rows=576 distinct=288 dup=288 findings=[]
BLOCKED: series=btc_open_interest_5m period=2021-03-24
[205/1583] 2021-03-24 BLOCKED rows=574 distinct=287 dup=287 findings=['oi_daily_boundary']
PUBLISHED: series=btc_open_interest_5m period=2021-03-25
[206/1583] 2021-03-25 PUBLISHED rows=576 distinct=288 dup=288 findings=[]
PUBLISHED: series=btc_open_interest_5m period=2021-03-26
[207/1583] 2021-03-26 PUBLISHED rows=576 distinct=288 dup=288 findings=[]
PUBLISHED: series=btc_open_interest_5m period=2021-03-27
[208/1583] 2021-03-27 PUBLISHED rows=576 distinct=288 dup=288 findings=[]
PUBLISHED: series=btc_open_interest_5m period=2021-03-28
[209/1583] 2021-03-28 PUBLISHED rows=576 distinct=288 dup=288 findings=[]
PUBLISHED: series=btc_open_interest_5m period=2021-03-29
[210/1583] 2021-03-29 PUBLISHED rows=576 distinct=288 dup=288 findings=[]
PUBLISHED: series=btc_open_interest_5m period=2021-03-30
[211/1583] 2021-03-30 PUBLISHED rows=576 distinct=288 dup=288 findings=[]
PUBLISHED: series=btc_open_interest_5m period=2021-03-31
[212/1583] 2021-03-31 PUBLISHED rows=576 distinct=288 dup=288 findings=[]
PUBLISHED: series=btc_open_interest_5m period=2021-04-01
[213/1583] 2021-04-01 PUBLISHED rows=576 distinct=288 dup=288 findings=[]
PUBLISHED: series=btc_open_interest_5m period=2021-04-02
[214/1583] 2021-04-02 PUBLISHED rows=576 distinct=288 dup=288 findings=[]
PUBLISHED: series=btc_open_interest_5m period=2021-04-03
[215/1583] 2021-04-03 PUBLISHED rows=576 distinct=288 dup=288 findings=[]
PUBLISHED: series=btc_open_interest_5m period=2021-04-04
[216/1583] 2021-04-04 PUBLISHED rows=576 distinct=288 dup=288 findings=[]
PUBLISHED: series=btc_open_interest_5m period=2021-04-05
[217/1583] 2021-04-05 PUBLISHED rows=576 distinct=288 dup=288 findings=[]
PUBLISHED: series=btc_open_interest_5m period=2021-04-06
[218/1583] 2021-04-06 PUBLISHED rows=576 distinct=288 dup=288 findings=[]
PUBLISHED: series=btc_open_interest_5m period=2021-04-07
[219/1583] 2021-04-07 PUBLISHED rows=576 distinct=288 dup=288 findings=[]
PUBLISHED: series=btc_open_interest_5m period=2021-04-08
[220/1583] 2021-04-08 PUBLISHED rows=576 distinct=288 dup=288 findings=[]
PUBLISHED: series=btc_open_interest_5m period=2021-04-09
[221/1583] 2021-04-09 PUBLISHED rows=576 distinct=288 dup=288 findings=[]
PUBLISHED: series=btc_open_interest_5m period=2021-04-10
[222/1583] 2021-04-10 PUBLISHED rows=576 distinct=288 dup=288 findings=[]
PUBLISHED: series=btc_open_interest_5m period=2021-04-11
[223/1583] 2021-04-11 PUBLISHED rows=576 distinct=288 dup=288 findings=[]
PUBLISHED: series=btc_open_interest_5m period=2021-04-12
[224/1583] 2021-04-12 PUBLISHED rows=576 distinct=288 dup=288 findings=[]
PUBLISHED: series=btc_open_interest_5m period=2021-04-13
[225/1583] 2021-04-13 PUBLISHED rows=576 distinct=288 dup=288 findings=[]
PUBLISHED: series=btc_open_interest_5m period=2021-04-14
[226/1583] 2021-04-14 PUBLISHED rows=576 distinct=288 dup=288 findings=[]
PUBLISHED: series=btc_open_interest_5m period=2021-04-15
[227/1583] 2021-04-15 PUBLISHED rows=576 distinct=288 dup=288 findings=[]
PUBLISHED: series=btc_open_interest_5m period=2021-04-16
[228/1583] 2021-04-16 PUBLISHED rows=576 distinct=288 dup=288 findings=[]
PUBLISHED: series=btc_open_interest_5m period=2021-04-17
[229/1583] 2021-04-17 PUBLISHED rows=576 distinct=288 dup=288 findings=[]
BLOCKED: series=btc_open_interest_5m period=2021-04-18
[230/1583] 2021-04-18 BLOCKED rows=574 distinct=287 dup=287 findings=['oi_daily_boundary']
BLOCKED: series=btc_open_interest_5m period=2021-04-19
[231/1583] 2021-04-19 BLOCKED rows=572 distinct=286 dup=286 findings=['oi_daily_boundary']
PUBLISHED: series=btc_open_interest_5m period=2021-04-20
[232/1583] 2021-04-20 PUBLISHED rows=576 distinct=288 dup=288 findings=[]
PUBLISHED: series=btc_open_interest_5m period=2021-04-21
[233/1583] 2021-04-21 PUBLISHED rows=576 distinct=288 dup=288 findings=[]
PUBLISHED: series=btc_open_interest_5m period=2021-04-22
[234/1583] 2021-04-22 PUBLISHED rows=576 distinct=288 dup=288 findings=[]
PUBLISHED: series=btc_open_interest_5m period=2021-04-23
[235/1583] 2021-04-23 PUBLISHED rows=576 distinct=288 dup=288 findings=[]
PUBLISHED: series=btc_open_interest_5m period=2021-04-24
[236/1583] 2021-04-24 PUBLISHED rows=576 distinct=288 dup=288 findings=[]
PUBLISHED: series=btc_open_interest_5m period=2021-04-25
[237/1583] 2021-04-25 PUBLISHED rows=576 distinct=288 dup=288 findings=[]
PUBLISHED: series=btc_open_interest_5m period=2021-04-26
[238/1583] 2021-04-26 PUBLISHED rows=576 distinct=288 dup=288 findings=[]
BLOCKED: series=btc_open_interest_5m period=2021-04-27
[239/1583] 2021-04-27 BLOCKED rows=516 distinct=258 dup=258 findings=['oi_daily_boundary']
PUBLISHED: series=btc_open_interest_5m period=2021-04-28
[240/1583] 2021-04-28 PUBLISHED rows=576 distinct=288 dup=288 findings=[]
PUBLISHED: series=btc_open_interest_5m period=2021-04-29
[241/1583] 2021-04-29 PUBLISHED rows=576 distinct=288 dup=288 findings=[]
PUBLISHED: series=btc_open_interest_5m period=2021-04-30
[242/1583] 2021-04-30 PUBLISHED rows=576 distinct=288 dup=288 findings=[]
PUBLISHED: series=btc_open_interest_5m period=2021-05-01
[243/1583] 2021-05-01 PUBLISHED rows=576 distinct=288 dup=288 findings=[]
PUBLISHED: series=btc_open_interest_5m period=2021-05-02
[244/1583] 2021-05-02 PUBLISHED rows=576 distinct=288 dup=288 findings=[]
PUBLISHED: series=btc_open_interest_5m period=2021-05-03
[245/1583] 2021-05-03 PUBLISHED rows=576 distinct=288 dup=288 findings=[]
PUBLISHED: series=btc_open_interest_5m period=2021-05-04
[246/1583] 2021-05-04 PUBLISHED rows=576 distinct=288 dup=288 findings=[]
PUBLISHED: series=btc_open_interest_5m period=2021-05-05
[247/1583] 2021-05-05 PUBLISHED rows=576 distinct=288 dup=288 findings=[]
PUBLISHED: series=btc_open_interest_5m period=2021-05-06
[248/1583] 2021-05-06 PUBLISHED rows=576 distinct=288 dup=288 findings=[]
PUBLISHED: series=btc_open_interest_5m period=2021-05-07
[249/1583] 2021-05-07 PUBLISHED rows=576 distinct=288 dup=288 findings=[]
PUBLISHED: series=btc_open_interest_5m period=2021-05-08
[250/1583] 2021-05-08 PUBLISHED rows=576 distinct=288 dup=288 findings=[]
PUBLISHED: series=btc_open_interest_5m period=2021-05-09
[251/1583] 2021-05-09 PUBLISHED rows=576 distinct=288 dup=288 findings=[]
PUBLISHED: series=btc_open_interest_5m period=2021-05-10
[252/1583] 2021-05-10 PUBLISHED rows=576 distinct=288 dup=288 findings=[]
PUBLISHED: series=btc_open_interest_5m period=2021-05-11
[253/1583] 2021-05-11 PUBLISHED rows=576 distinct=288 dup=288 findings=[]
PUBLISHED: series=btc_open_interest_5m period=2021-05-12
[254/1583] 2021-05-12 PUBLISHED rows=576 distinct=288 dup=288 findings=[]
PUBLISHED: series=btc_open_interest_5m period=2021-05-13
[255/1583] 2021-05-13 PUBLISHED rows=576 distinct=288 dup=288 findings=[]
PUBLISHED: series=btc_open_interest_5m period=2021-05-14
[256/1583] 2021-05-14 PUBLISHED rows=576 distinct=288 dup=288 findings=[]
PUBLISHED: series=btc_open_interest_5m period=2021-05-15
[257/1583] 2021-05-15 PUBLISHED rows=576 distinct=288 dup=288 findings=[]
PUBLISHED: series=btc_open_interest_5m period=2021-05-16
[258/1583] 2021-05-16 PUBLISHED rows=576 distinct=288 dup=288 findings=[]
PUBLISHED: series=btc_open_interest_5m period=2021-05-17
[259/1583] 2021-05-17 PUBLISHED rows=576 distinct=288 dup=288 findings=[]
PUBLISHED: series=btc_open_interest_5m period=2021-05-18
[260/1583] 2021-05-18 PUBLISHED rows=576 distinct=288 dup=288 findings=[]
BLOCKED: series=btc_open_interest_5m period=2021-05-19
[261/1583] 2021-05-19 BLOCKED rows=570 distinct=285 dup=285 findings=['oi_daily_boundary']
PUBLISHED: series=btc_open_interest_5m period=2021-05-20
[262/1583] 2021-05-20 PUBLISHED rows=576 distinct=288 dup=288 findings=[]
BLOCKED: series=btc_open_interest_5m period=2021-05-21
[263/1583] 2021-05-21 BLOCKED rows=292 distinct=284 dup=8 findings=['oi_daily_boundary']
PUBLISHED: series=btc_open_interest_5m period=2021-05-22
[264/1583] 2021-05-22 PUBLISHED rows=288 distinct=288 dup=0 findings=[]
BLOCKED: series=btc_open_interest_5m period=2021-05-23
[265/1583] 2021-05-23 BLOCKED rows=284 distinct=284 dup=0 findings=['oi_daily_boundary']
PUBLISHED: series=btc_open_interest_5m period=2021-05-24
[266/1583] 2021-05-24 PUBLISHED rows=288 distinct=288 dup=0 findings=[]
PUBLISHED: series=btc_open_interest_5m period=2021-05-25
[267/1583] 2021-05-25 PUBLISHED rows=288 distinct=288 dup=0 findings=[]
PUBLISHED: series=btc_open_interest_5m period=2021-05-26
[268/1583] 2021-05-26 PUBLISHED rows=288 distinct=288 dup=0 findings=[]
PUBLISHED: series=btc_open_interest_5m period=2021-05-27
[269/1583] 2021-05-27 PUBLISHED rows=288 distinct=288 dup=0 findings=[]
BLOCKED: series=btc_open_interest_5m period=2021-05-28
[270/1583] 2021-05-28 BLOCKED rows=287 distinct=287 dup=0 findings=['oi_daily_boundary']
PUBLISHED: series=btc_open_interest_5m period=2021-05-29
[271/1583] 2021-05-29 PUBLISHED rows=288 distinct=288 dup=0 findings=[]
PUBLISHED: series=btc_open_interest_5m period=2021-05-30
[272/1583] 2021-05-30 PUBLISHED rows=288 distinct=288 dup=0 findings=[]
PUBLISHED: series=btc_open_interest_5m period=2021-05-31
[273/1583] 2021-05-31 PUBLISHED rows=288 distinct=288 dup=0 findings=[]
PUBLISHED: series=btc_open_interest_5m period=2021-06-01
[274/1583] 2021-06-01 PUBLISHED rows=288 distinct=288 dup=0 findings=[]
PUBLISHED: series=btc_open_interest_5m period=2021-06-02
[275/1583] 2021-06-02 PUBLISHED rows=288 distinct=288 dup=0 findings=[]
PUBLISHED: series=btc_open_interest_5m period=2021-06-03
[276/1583] 2021-06-03 PUBLISHED rows=288 distinct=288 dup=0 findings=[]
PUBLISHED: series=btc_open_interest_5m period=2021-06-04
[277/1583] 2021-06-04 PUBLISHED rows=288 distinct=288 dup=0 findings=[]
PUBLISHED: series=btc_open_interest_5m period=2021-06-05
[278/1583] 2021-06-05 PUBLISHED rows=288 distinct=288 dup=0 findings=[]
PUBLISHED: series=btc_open_interest_5m period=2021-06-06
[279/1583] 2021-06-06 PUBLISHED rows=288 distinct=288 dup=0 findings=[]
PUBLISHED: series=btc_open_interest_5m period=2021-06-07
[280/1583] 2021-06-07 PUBLISHED rows=288 distinct=288 dup=0 findings=[]
PUBLISHED: series=btc_open_interest_5m period=2021-06-08
[281/1583] 2021-06-08 PUBLISHED rows=288 distinct=288 dup=0 findings=[]
PUBLISHED: series=btc_open_interest_5m period=2021-06-09
[282/1583] 2021-06-09 PUBLISHED rows=288 distinct=288 dup=0 findings=[]
PUBLISHED: series=btc_open_interest_5m period=2021-06-10
[283/1583] 2021-06-10 PUBLISHED rows=288 distinct=288 dup=0 findings=[]
PUBLISHED: series=btc_open_interest_5m period=2021-06-11
[284/1583] 2021-06-11 PUBLISHED rows=288 distinct=288 dup=0 findings=[]
PUBLISHED: series=btc_open_interest_5m period=2021-06-12
[285/1583] 2021-06-12 PUBLISHED rows=288 distinct=288 dup=0 findings=[]
PUBLISHED: series=btc_open_interest_5m period=2021-06-13
[286/1583] 2021-06-13 PUBLISHED rows=288 distinct=288 dup=0 findings=[]
PUBLISHED: series=btc_open_interest_5m period=2021-06-14
[287/1583] 2021-06-14 PUBLISHED rows=288 distinct=288 dup=0 findings=[]
PUBLISHED: series=btc_open_interest_5m period=2021-06-15
[288/1583] 2021-06-15 PUBLISHED rows=288 distinct=288 dup=0 findings=[]
PUBLISHED: series=btc_open_interest_5m period=2021-06-16
[289/1583] 2021-06-16 PUBLISHED rows=288 distinct=288 dup=0 findings=[]
PUBLISHED: series=btc_open_interest_5m period=2021-06-17
[290/1583] 2021-06-17 PUBLISHED rows=288 distinct=288 dup=0 findings=[]
PUBLISHED: series=btc_open_interest_5m period=2021-06-18
[291/1583] 2021-06-18 PUBLISHED rows=288 distinct=288 dup=0 findings=[]
PUBLISHED: series=btc_open_interest_5m period=2021-06-19
[292/1583] 2021-06-19 PUBLISHED rows=288 distinct=288 dup=0 findings=[]
PUBLISHED: series=btc_open_interest_5m period=2021-06-20
[293/1583] 2021-06-20 PUBLISHED rows=288 distinct=288 dup=0 findings=[]
PUBLISHED: series=btc_open_interest_5m period=2021-06-21
[294/1583] 2021-06-21 PUBLISHED rows=288 distinct=288 dup=0 findings=[]
BLOCKED: series=btc_open_interest_5m period=2021-06-22
[295/1583] 2021-06-22 BLOCKED rows=126 distinct=126 dup=0 findings=['oi_daily_boundary']
BLOCKED: series=btc_open_interest_5m period=2021-06-23
[296/1583] 2021-06-23 BLOCKED rows=275 distinct=275 dup=0 findings=['oi_daily_boundary']
BLOCKED: series=btc_open_interest_5m period=2021-06-24
[297/1583] 2021-06-24 BLOCKED rows=279 distinct=279 dup=0 findings=['oi_daily_boundary']
PUBLISHED: series=btc_open_interest_5m period=2021-06-25
[298/1583] 2021-06-25 PUBLISHED rows=288 distinct=288 dup=0 findings=[]
PUBLISHED: series=btc_open_interest_5m period=2021-06-26
[299/1583] 2021-06-26 PUBLISHED rows=288 distinct=288 dup=0 findings=[]
PUBLISHED: series=btc_open_interest_5m period=2021-06-27
[300/1583] 2021-06-27 PUBLISHED rows=288 distinct=288 dup=0 findings=[]
PUBLISHED: series=btc_open_interest_5m period=2021-06-28
[301/1583] 2021-06-28 PUBLISHED rows=288 distinct=288 dup=0 findings=[]
PUBLISHED: series=btc_open_interest_5m period=2021-06-29
[302/1583] 2021-06-29 PUBLISHED rows=288 distinct=288 dup=0 findings=[]
PUBLISHED: series=btc_open_interest_5m period=2021-06-30
[303/1583] 2021-06-30 PUBLISHED rows=288 distinct=288 dup=0 findings=[]
PUBLISHED: series=btc_open_interest_5m period=2021-07-01
[304/1583] 2021-07-01 PUBLISHED rows=288 distinct=288 dup=0 findings=[]
PUBLISHED: series=btc_open_interest_5m period=2021-07-02
[305/1583] 2021-07-02 PUBLISHED rows=288 distinct=288 dup=0 findings=[]
PUBLISHED: series=btc_open_interest_5m period=2021-07-03
[306/1583] 2021-07-03 PUBLISHED rows=288 distinct=288 dup=0 findings=[]
PUBLISHED: series=btc_open_interest_5m period=2021-07-04
[307/1583] 2021-07-04 PUBLISHED rows=288 distinct=288 dup=0 findings=[]
PUBLISHED: series=btc_open_interest_5m period=2021-07-05
[308/1583] 2021-07-05 PUBLISHED rows=288 distinct=288 dup=0 findings=[]
PUBLISHED: series=btc_open_interest_5m period=2021-07-06
[309/1583] 2021-07-06 PUBLISHED rows=288 distinct=288 dup=0 findings=[]
PUBLISHED: series=btc_open_interest_5m period=2021-07-07
[310/1583] 2021-07-07 PUBLISHED rows=288 distinct=288 dup=0 findings=[]
PUBLISHED: series=btc_open_interest_5m period=2021-07-08
[311/1583] 2021-07-08 PUBLISHED rows=288 distinct=288 dup=0 findings=[]
PUBLISHED: series=btc_open_interest_5m period=2021-07-09
[312/1583] 2021-07-09 PUBLISHED rows=288 distinct=288 dup=0 findings=[]
PUBLISHED: series=btc_open_interest_5m period=2021-07-10
[313/1583] 2021-07-10 PUBLISHED rows=288 distinct=288 dup=0 findings=[]
PUBLISHED: series=btc_open_interest_5m period=2021-07-11
[314/1583] 2021-07-11 PUBLISHED rows=288 distinct=288 dup=0 findings=[]
PUBLISHED: series=btc_open_interest_5m period=2021-07-12
[315/1583] 2021-07-12 PUBLISHED rows=288 distinct=288 dup=0 findings=[]
PUBLISHED: series=btc_open_interest_5m period=2021-07-13
[316/1583] 2021-07-13 PUBLISHED rows=288 distinct=288 dup=0 findings=[]
PUBLISHED: series=btc_open_interest_5m period=2021-07-14
[317/1583] 2021-07-14 PUBLISHED rows=288 distinct=288 dup=0 findings=[]
PUBLISHED: series=btc_open_interest_5m period=2021-07-15
[318/1583] 2021-07-15 PUBLISHED rows=288 distinct=288 dup=0 findings=[]
PUBLISHED: series=btc_open_interest_5m period=2021-07-16
[319/1583] 2021-07-16 PUBLISHED rows=288 distinct=288 dup=0 findings=[]
PUBLISHED: series=btc_open_interest_5m period=2021-07-17
[320/1583] 2021-07-17 PUBLISHED rows=288 distinct=288 dup=0 findings=[]
PUBLISHED: series=btc_open_interest_5m period=2021-07-18
[321/1583] 2021-07-18 PUBLISHED rows=288 distinct=288 dup=0 findings=[]
PUBLISHED: series=btc_open_interest_5m period=2021-07-19
[322/1583] 2021-07-19 PUBLISHED rows=288 distinct=288 dup=0 findings=[]
PUBLISHED: series=btc_open_interest_5m period=2021-07-20
[323/1583] 2021-07-20 PUBLISHED rows=288 distinct=288 dup=0 findings=[]
PUBLISHED: series=btc_open_interest_5m period=2021-07-21
[324/1583] 2021-07-21 PUBLISHED rows=288 distinct=288 dup=0 findings=[]
PUBLISHED: series=btc_open_interest_5m period=2021-07-22
[325/1583] 2021-07-22 PUBLISHED rows=288 distinct=288 dup=0 findings=[]
PUBLISHED: series=btc_open_interest_5m period=2021-07-23
[326/1583] 2021-07-23 PUBLISHED rows=288 distinct=288 dup=0 findings=[]
PUBLISHED: series=btc_open_interest_5m period=2021-07-24
[327/1583] 2021-07-24 PUBLISHED rows=288 distinct=288 dup=0 findings=[]
PUBLISHED: series=btc_open_interest_5m period=2021-07-25
[328/1583] 2021-07-25 PUBLISHED rows=288 distinct=288 dup=0 findings=[]
PUBLISHED: series=btc_open_interest_5m period=2021-07-26
[329/1583] 2021-07-26 PUBLISHED rows=288 distinct=288 dup=0 findings=[]
PUBLISHED: series=btc_open_interest_5m period=2021-07-27
[330/1583] 2021-07-27 PUBLISHED rows=288 distinct=288 dup=0 findings=[]
PUBLISHED: series=btc_open_interest_5m period=2021-07-28
[331/1583] 2021-07-28 PUBLISHED rows=288 distinct=288 dup=0 findings=[]
PUBLISHED: series=btc_open_interest_5m period=2021-07-29
[332/1583] 2021-07-29 PUBLISHED rows=288 distinct=288 dup=0 findings=[]
PUBLISHED: series=btc_open_interest_5m period=2021-07-30
[333/1583] 2021-07-30 PUBLISHED rows=288 distinct=288 dup=0 findings=[]
PUBLISHED: series=btc_open_interest_5m period=2021-07-31
[334/1583] 2021-07-31 PUBLISHED rows=288 distinct=288 dup=0 findings=[]
PUBLISHED: series=btc_open_interest_5m period=2021-08-01
[335/1583] 2021-08-01 PUBLISHED rows=288 distinct=288 dup=0 findings=[]
PUBLISHED: series=btc_open_interest_5m period=2021-08-02
[336/1583] 2021-08-02 PUBLISHED rows=288 distinct=288 dup=0 findings=[]
PUBLISHED: series=btc_open_interest_5m period=2021-08-03
[337/1583] 2021-08-03 PUBLISHED rows=288 distinct=288 dup=0 findings=[]
PUBLISHED: series=btc_open_interest_5m period=2021-08-04
[338/1583] 2021-08-04 PUBLISHED rows=288 distinct=288 dup=0 findings=[]
PUBLISHED: series=btc_open_interest_5m period=2021-08-05
[339/1583] 2021-08-05 PUBLISHED rows=288 distinct=288 dup=0 findings=[]
PUBLISHED: series=btc_open_interest_5m period=2021-08-06
[340/1583] 2021-08-06 PUBLISHED rows=288 distinct=288 dup=0 findings=[]
PUBLISHED: series=btc_open_interest_5m period=2021-08-07
[341/1583] 2021-08-07 PUBLISHED rows=288 distinct=288 dup=0 findings=[]
PUBLISHED: series=btc_open_interest_5m period=2021-08-08
[342/1583] 2021-08-08 PUBLISHED rows=288 distinct=288 dup=0 findings=[]
PUBLISHED: series=btc_open_interest_5m period=2021-08-09
[343/1583] 2021-08-09 PUBLISHED rows=288 distinct=288 dup=0 findings=[]
PUBLISHED: series=btc_open_interest_5m period=2021-08-10
[344/1583] 2021-08-10 PUBLISHED rows=288 distinct=288 dup=0 findings=[]
PUBLISHED: series=btc_open_interest_5m period=2021-08-11
[345/1583] 2021-08-11 PUBLISHED rows=288 distinct=288 dup=0 findings=[]
PUBLISHED: series=btc_open_interest_5m period=2021-08-12
[346/1583] 2021-08-12 PUBLISHED rows=288 distinct=288 dup=0 findings=[]
PUBLISHED: series=btc_open_interest_5m period=2021-08-13
[347/1583] 2021-08-13 PUBLISHED rows=288 distinct=288 dup=0 findings=[]
PUBLISHED: series=btc_open_interest_5m period=2021-08-14
[348/1583] 2021-08-14 PUBLISHED rows=288 distinct=288 dup=0 findings=[]
PUBLISHED: series=btc_open_interest_5m period=2021-08-15
[349/1583] 2021-08-15 PUBLISHED rows=288 distinct=288 dup=0 findings=[]
PUBLISHED: series=btc_open_interest_5m period=2021-08-16
[350/1583] 2021-08-16 PUBLISHED rows=288 distinct=288 dup=0 findings=[]
PUBLISHED: series=btc_open_interest_5m period=2021-08-17
[351/1583] 2021-08-17 PUBLISHED rows=288 distinct=288 dup=0 findings=[]
PUBLISHED: series=btc_open_interest_5m period=2021-08-18
[352/1583] 2021-08-18 PUBLISHED rows=288 distinct=288 dup=0 findings=[]
PUBLISHED: series=btc_open_interest_5m period=2021-08-19
[353/1583] 2021-08-19 PUBLISHED rows=288 distinct=288 dup=0 findings=[]
PUBLISHED: series=btc_open_interest_5m period=2021-08-20
[354/1583] 2021-08-20 PUBLISHED rows=288 distinct=288 dup=0 findings=[]
PUBLISHED: series=btc_open_interest_5m period=2021-08-21
[355/1583] 2021-08-21 PUBLISHED rows=288 distinct=288 dup=0 findings=[]
PUBLISHED: series=btc_open_interest_5m period=2021-08-22
[356/1583] 2021-08-22 PUBLISHED rows=288 distinct=288 dup=0 findings=[]
PUBLISHED: series=btc_open_interest_5m period=2021-08-23
[357/1583] 2021-08-23 PUBLISHED rows=288 distinct=288 dup=0 findings=[]
BLOCKED: series=btc_open_interest_5m period=2021-08-24
[358/1583] 2021-08-24 BLOCKED rows=287 distinct=287 dup=0 findings=['oi_daily_boundary']
PUBLISHED: series=btc_open_interest_5m period=2021-08-25
[359/1583] 2021-08-25 PUBLISHED rows=288 distinct=288 dup=0 findings=[]
PUBLISHED: series=btc_open_interest_5m period=2021-08-26
[360/1583] 2021-08-26 PUBLISHED rows=288 distinct=288 dup=0 findings=[]
PUBLISHED: series=btc_open_interest_5m period=2021-08-27
[361/1583] 2021-08-27 PUBLISHED rows=288 distinct=288 dup=0 findings=[]
PUBLISHED: series=btc_open_interest_5m period=2021-08-28
[362/1583] 2021-08-28 PUBLISHED rows=288 distinct=288 dup=0 findings=[]
PUBLISHED: series=btc_open_interest_5m period=2021-08-29
[363/1583] 2021-08-29 PUBLISHED rows=288 distinct=288 dup=0 findings=[]
PUBLISHED: series=btc_open_interest_5m period=2021-08-30
[364/1583] 2021-08-30 PUBLISHED rows=288 distinct=288 dup=0 findings=[]
PUBLISHED: series=btc_open_interest_5m period=2021-08-31
[365/1583] 2021-08-31 PUBLISHED rows=288 distinct=288 dup=0 findings=[]
PUBLISHED: series=btc_open_interest_5m period=2021-09-01
[366/1583] 2021-09-01 PUBLISHED rows=288 distinct=288 dup=0 findings=[]
PUBLISHED: series=btc_open_interest_5m period=2021-09-02
[367/1583] 2021-09-02 PUBLISHED rows=288 distinct=288 dup=0 findings=[]
PUBLISHED: series=btc_open_interest_5m period=2021-09-03
[368/1583] 2021-09-03 PUBLISHED rows=288 distinct=288 dup=0 findings=[]
PUBLISHED: series=btc_open_interest_5m period=2021-09-04
[369/1583] 2021-09-04 PUBLISHED rows=288 distinct=288 dup=0 findings=[]
PUBLISHED: series=btc_open_interest_5m period=2021-09-05
[370/1583] 2021-09-05 PUBLISHED rows=288 distinct=288 dup=0 findings=[]
BLOCKED: series=btc_open_interest_5m period=2021-09-06
[371/1583] 2021-09-06 BLOCKED rows=287 distinct=287 dup=0 findings=['oi_daily_boundary']
BLOCKED: series=btc_open_interest_5m period=2021-09-07
[372/1583] 2021-09-07 BLOCKED rows=284 distinct=284 dup=0 findings=['oi_daily_boundary']
PUBLISHED: series=btc_open_interest_5m period=2021-09-08
[373/1583] 2021-09-08 PUBLISHED rows=288 distinct=288 dup=0 findings=[]
PUBLISHED: series=btc_open_interest_5m period=2021-09-09
[374/1583] 2021-09-09 PUBLISHED rows=288 distinct=288 dup=0 findings=[]
BLOCKED: series=btc_open_interest_5m period=2021-09-10
[375/1583] 2021-09-10 BLOCKED rows=286 distinct=286 dup=0 findings=['oi_daily_boundary']
PUBLISHED: series=btc_open_interest_5m period=2021-09-11
[376/1583] 2021-09-11 PUBLISHED rows=288 distinct=288 dup=0 findings=[]
PUBLISHED: series=btc_open_interest_5m period=2021-09-12
[377/1583] 2021-09-12 PUBLISHED rows=288 distinct=288 dup=0 findings=[]
BLOCKED: series=btc_open_interest_5m period=2021-09-13
[378/1583] 2021-09-13 BLOCKED rows=286 distinct=286 dup=0 findings=['oi_daily_boundary']
PUBLISHED: series=btc_open_interest_5m period=2021-09-14
[379/1583] 2021-09-14 PUBLISHED rows=288 distinct=288 dup=0 findings=[]
PUBLISHED: series=btc_open_interest_5m period=2021-09-15
[380/1583] 2021-09-15 PUBLISHED rows=288 distinct=288 dup=0 findings=[]
PUBLISHED: series=btc_open_interest_5m period=2021-09-16
[381/1583] 2021-09-16 PUBLISHED rows=288 distinct=288 dup=0 findings=[]
PUBLISHED: series=btc_open_interest_5m period=2021-09-17
[382/1583] 2021-09-17 PUBLISHED rows=288 distinct=288 dup=0 findings=[]
PUBLISHED: series=btc_open_interest_5m period=2021-09-18
[383/1583] 2021-09-18 PUBLISHED rows=288 distinct=288 dup=0 findings=[]
BLOCKED: series=btc_open_interest_5m period=2021-09-19
[384/1583] 2021-09-19 BLOCKED rows=287 distinct=287 dup=0 findings=['oi_daily_boundary']
BLOCKED: series=btc_open_interest_5m period=2021-09-20
[385/1583] 2021-09-20 BLOCKED rows=281 distinct=281 dup=0 findings=['oi_daily_boundary']
BLOCKED: series=btc_open_interest_5m period=2021-09-21
[386/1583] 2021-09-21 BLOCKED rows=283 distinct=283 dup=0 findings=['oi_daily_boundary']
BLOCKED: series=btc_open_interest_5m period=2021-09-22
[387/1583] 2021-09-22 BLOCKED rows=287 distinct=287 dup=0 findings=['oi_daily_boundary']
PUBLISHED: series=btc_open_interest_5m period=2021-09-23
[388/1583] 2021-09-23 PUBLISHED rows=288 distinct=288 dup=0 findings=[]
BLOCKED: series=btc_open_interest_5m period=2021-09-24
[389/1583] 2021-09-24 BLOCKED rows=285 distinct=285 dup=0 findings=['oi_daily_boundary']
BLOCKED: series=btc_open_interest_5m period=2021-09-25
[390/1583] 2021-09-25 BLOCKED rows=287 distinct=287 dup=0 findings=['oi_daily_boundary']
BLOCKED: series=btc_open_interest_5m period=2021-09-26
[391/1583] 2021-09-26 BLOCKED rows=284 distinct=284 dup=0 findings=['oi_daily_boundary']
PUBLISHED: series=btc_open_interest_5m period=2021-09-27
[392/1583] 2021-09-27 PUBLISHED rows=288 distinct=288 dup=0 findings=[]
PUBLISHED: series=btc_open_interest_5m period=2021-09-28
[393/1583] 2021-09-28 PUBLISHED rows=288 distinct=288 dup=0 findings=[]
PUBLISHED: series=btc_open_interest_5m period=2021-09-29
[394/1583] 2021-09-29 PUBLISHED rows=288 distinct=288 dup=0 findings=[]
PUBLISHED: series=btc_open_interest_5m period=2021-09-30
[395/1583] 2021-09-30 PUBLISHED rows=288 distinct=288 dup=0 findings=[]
BLOCKED: series=btc_open_interest_5m period=2021-10-01
[396/1583] 2021-10-01 BLOCKED rows=287 distinct=287 dup=0 findings=['oi_daily_boundary']
BLOCKED: series=btc_open_interest_5m period=2021-10-02
[397/1583] 2021-10-02 BLOCKED rows=287 distinct=287 dup=0 findings=['oi_daily_boundary']
PUBLISHED: series=btc_open_interest_5m period=2021-10-03
[398/1583] 2021-10-03 PUBLISHED rows=288 distinct=288 dup=0 findings=[]
PUBLISHED: series=btc_open_interest_5m period=2021-10-04
[399/1583] 2021-10-04 PUBLISHED rows=288 distinct=288 dup=0 findings=[]
PUBLISHED: series=btc_open_interest_5m period=2021-10-05
[400/1583] 2021-10-05 PUBLISHED rows=288 distinct=288 dup=0 findings=[]
PUBLISHED: series=btc_open_interest_5m period=2021-10-06
[401/1583] 2021-10-06 PUBLISHED rows=288 distinct=288 dup=0 findings=[]
PUBLISHED: series=btc_open_interest_5m period=2021-10-07
[402/1583] 2021-10-07 PUBLISHED rows=288 distinct=288 dup=0 findings=[]
PUBLISHED: series=btc_open_interest_5m period=2021-10-08
[403/1583] 2021-10-08 PUBLISHED rows=288 distinct=288 dup=0 findings=[]
PUBLISHED: series=btc_open_interest_5m period=2021-10-09
[404/1583] 2021-10-09 PUBLISHED rows=288 distinct=288 dup=0 findings=[]
PUBLISHED: series=btc_open_interest_5m period=2021-10-10
[405/1583] 2021-10-10 PUBLISHED rows=288 distinct=288 dup=0 findings=[]
PUBLISHED: series=btc_open_interest_5m period=2021-10-11
[406/1583] 2021-10-11 PUBLISHED rows=288 distinct=288 dup=0 findings=[]
PUBLISHED: series=btc_open_interest_5m period=2021-10-12
[407/1583] 2021-10-12 PUBLISHED rows=288 distinct=288 dup=0 findings=[]
PUBLISHED: series=btc_open_interest_5m period=2021-10-13
[408/1583] 2021-10-13 PUBLISHED rows=288 distinct=288 dup=0 findings=[]
PUBLISHED: series=btc_open_interest_5m period=2021-10-14
[409/1583] 2021-10-14 PUBLISHED rows=288 distinct=288 dup=0 findings=[]
PUBLISHED: series=btc_open_interest_5m period=2021-10-15
[410/1583] 2021-10-15 PUBLISHED rows=288 distinct=288 dup=0 findings=[]
PUBLISHED: series=btc_open_interest_5m period=2021-10-16
[411/1583] 2021-10-16 PUBLISHED rows=288 distinct=288 dup=0 findings=[]
BLOCKED: series=btc_open_interest_5m period=2021-10-17
[412/1583] 2021-10-17 BLOCKED rows=287 distinct=287 dup=0 findings=['oi_daily_boundary']
PUBLISHED: series=btc_open_interest_5m period=2021-10-18
[413/1583] 2021-10-18 PUBLISHED rows=288 distinct=288 dup=0 findings=[]
PUBLISHED: series=btc_open_interest_5m period=2021-10-19
[414/1583] 2021-10-19 PUBLISHED rows=288 distinct=288 dup=0 findings=[]
PUBLISHED: series=btc_open_interest_5m period=2021-10-20
[415/1583] 2021-10-20 PUBLISHED rows=288 distinct=288 dup=0 findings=[]
BLOCKED: series=btc_open_interest_5m period=2021-10-21
[416/1583] 2021-10-21 BLOCKED rows=287 distinct=287 dup=0 findings=['oi_daily_boundary']
BLOCKED: series=btc_open_interest_5m period=2021-10-22
[417/1583] 2021-10-22 BLOCKED rows=287 distinct=287 dup=0 findings=['oi_daily_boundary']
PUBLISHED: series=btc_open_interest_5m period=2021-10-23
[418/1583] 2021-10-23 PUBLISHED rows=288 distinct=288 dup=0 findings=[]
PUBLISHED: series=btc_open_interest_5m period=2021-10-24
[419/1583] 2021-10-24 PUBLISHED rows=288 distinct=288 dup=0 findings=[]
PUBLISHED: series=btc_open_interest_5m period=2021-10-25
[420/1583] 2021-10-25 PUBLISHED rows=288 distinct=288 dup=0 findings=[]
PUBLISHED: series=btc_open_interest_5m period=2021-10-26
[421/1583] 2021-10-26 PUBLISHED rows=288 distinct=288 dup=0 findings=[]
BLOCKED: series=btc_open_interest_5m period=2021-10-27
[422/1583] 2021-10-27 BLOCKED rows=280 distinct=280 dup=0 findings=['oi_daily_boundary']
BLOCKED: series=btc_open_interest_5m period=2021-10-28
[423/1583] 2021-10-28 BLOCKED rows=286 distinct=286 dup=0 findings=['oi_daily_boundary']
PUBLISHED: series=btc_open_interest_5m period=2021-10-29
[424/1583] 2021-10-29 PUBLISHED rows=288 distinct=288 dup=0 findings=[]
BLOCKED: series=btc_open_interest_5m period=2021-10-30
[425/1583] 2021-10-30 BLOCKED rows=283 distinct=283 dup=0 findings=['oi_daily_boundary']
BLOCKED: series=btc_open_interest_5m period=2021-10-31
[426/1583] 2021-10-31 BLOCKED rows=286 distinct=286 dup=0 findings=['oi_daily_boundary']
PUBLISHED: series=btc_open_interest_5m period=2021-11-01
[427/1583] 2021-11-01 PUBLISHED rows=288 distinct=288 dup=0 findings=[]
PUBLISHED: series=btc_open_interest_5m period=2021-11-02
[428/1583] 2021-11-02 PUBLISHED rows=288 distinct=288 dup=0 findings=[]
PUBLISHED: series=btc_open_interest_5m period=2021-11-03
[429/1583] 2021-11-03 PUBLISHED rows=288 distinct=288 dup=0 findings=[]
PUBLISHED: series=btc_open_interest_5m period=2021-11-04
[430/1583] 2021-11-04 PUBLISHED rows=288 distinct=288 dup=0 findings=[]
PUBLISHED: series=btc_open_interest_5m period=2021-11-05
[431/1583] 2021-11-05 PUBLISHED rows=288 distinct=288 dup=0 findings=[]
PUBLISHED: series=btc_open_interest_5m period=2021-11-06
[432/1583] 2021-11-06 PUBLISHED rows=288 distinct=288 dup=0 findings=[]
PUBLISHED: series=btc_open_interest_5m period=2021-11-07
[433/1583] 2021-11-07 PUBLISHED rows=288 distinct=288 dup=0 findings=[]
PUBLISHED: series=btc_open_interest_5m period=2021-11-08
[434/1583] 2021-11-08 PUBLISHED rows=288 distinct=288 dup=0 findings=[]
PUBLISHED: series=btc_open_interest_5m period=2021-11-09
[435/1583] 2021-11-09 PUBLISHED rows=288 distinct=288 dup=0 findings=[]
BLOCKED: series=btc_open_interest_5m period=2021-11-10
[436/1583] 2021-11-10 BLOCKED rows=285 distinct=285 dup=0 findings=['oi_daily_boundary']
PUBLISHED: series=btc_open_interest_5m period=2021-11-11
[437/1583] 2021-11-11 PUBLISHED rows=288 distinct=288 dup=0 findings=[]
PUBLISHED: series=btc_open_interest_5m period=2021-11-12
[438/1583] 2021-11-12 PUBLISHED rows=288 distinct=288 dup=0 findings=[]
PUBLISHED: series=btc_open_interest_5m period=2021-11-13
[439/1583] 2021-11-13 PUBLISHED rows=288 distinct=288 dup=0 findings=[]
PUBLISHED: series=btc_open_interest_5m period=2021-11-14
[440/1583] 2021-11-14 PUBLISHED rows=288 distinct=288 dup=0 findings=[]
PUBLISHED: series=btc_open_interest_5m period=2021-11-15
[441/1583] 2021-11-15 PUBLISHED rows=288 distinct=288 dup=0 findings=[]
BLOCKED: series=btc_open_interest_5m period=2021-11-16
[442/1583] 2021-11-16 BLOCKED rows=281 distinct=281 dup=0 findings=['oi_daily_boundary']
PUBLISHED: series=btc_open_interest_5m period=2021-11-17
[443/1583] 2021-11-17 PUBLISHED rows=288 distinct=288 dup=0 findings=[]
BLOCKED: series=btc_open_interest_5m period=2021-11-18
[444/1583] 2021-11-18 BLOCKED rows=283 distinct=283 dup=0 findings=['oi_daily_boundary']
BLOCKED: series=btc_open_interest_5m period=2021-11-19
[445/1583] 2021-11-19 BLOCKED rows=287 distinct=287 dup=0 findings=['oi_daily_boundary']
PUBLISHED: series=btc_open_interest_5m period=2021-11-20
[446/1583] 2021-11-20 PUBLISHED rows=288 distinct=288 dup=0 findings=[]
PUBLISHED: series=btc_open_interest_5m period=2021-11-21
[447/1583] 2021-11-21 PUBLISHED rows=288 distinct=288 dup=0 findings=[]
BLOCKED: series=btc_open_interest_5m period=2021-11-22
[448/1583] 2021-11-22 BLOCKED rows=287 distinct=287 dup=0 findings=['oi_daily_boundary']
PUBLISHED: series=btc_open_interest_5m period=2021-11-23
[449/1583] 2021-11-23 PUBLISHED rows=288 distinct=288 dup=0 findings=[]
PUBLISHED: series=btc_open_interest_5m period=2021-11-24
[450/1583] 2021-11-24 PUBLISHED rows=288 distinct=288 dup=0 findings=[]
BLOCKED: series=btc_open_interest_5m period=2021-11-25
[451/1583] 2021-11-25 BLOCKED rows=286 distinct=286 dup=0 findings=['oi_daily_boundary']
BLOCKED: series=btc_open_interest_5m period=2021-11-26
[452/1583] 2021-11-26 BLOCKED rows=276 distinct=276 dup=0 findings=['oi_daily_boundary']
BLOCKED: series=btc_open_interest_5m period=2021-11-27
[453/1583] 2021-11-27 BLOCKED rows=287 distinct=287 dup=0 findings=['oi_daily_boundary']
BLOCKED: series=btc_open_interest_5m period=2021-11-28
[454/1583] 2021-11-28 BLOCKED rows=286 distinct=286 dup=0 findings=['oi_daily_boundary']
PUBLISHED: series=btc_open_interest_5m period=2021-11-29
[455/1583] 2021-11-29 PUBLISHED rows=288 distinct=288 dup=0 findings=[]
BLOCKED: series=btc_open_interest_5m period=2021-11-30
[456/1583] 2021-11-30 BLOCKED rows=284 distinct=284 dup=0 findings=['oi_daily_boundary']
PUBLISHED: series=btc_open_interest_5m period=2021-12-01
[457/1583] 2021-12-01 PUBLISHED rows=288 distinct=288 dup=0 findings=[]
PUBLISHED: series=btc_open_interest_5m period=2021-12-02
[458/1583] 2021-12-02 PUBLISHED rows=288 distinct=288 dup=0 findings=[]
PUBLISHED: series=btc_open_interest_5m period=2021-12-03
[459/1583] 2021-12-03 PUBLISHED rows=288 distinct=288 dup=0 findings=[]
BLOCKED: series=btc_open_interest_5m period=2021-12-04
[460/1583] 2021-12-04 BLOCKED rows=285 distinct=285 dup=0 findings=['oi_daily_boundary']
PUBLISHED: series=btc_open_interest_5m period=2021-12-05
[461/1583] 2021-12-05 PUBLISHED rows=288 distinct=288 dup=0 findings=[]
PUBLISHED: series=btc_open_interest_5m period=2021-12-06
[462/1583] 2021-12-06 PUBLISHED rows=288 distinct=288 dup=0 findings=[]
PUBLISHED: series=btc_open_interest_5m period=2021-12-07
[463/1583] 2021-12-07 PUBLISHED rows=288 distinct=288 dup=0 findings=[]
PUBLISHED: series=btc_open_interest_5m period=2021-12-08
[464/1583] 2021-12-08 PUBLISHED rows=288 distinct=288 dup=0 findings=[]
PUBLISHED: series=btc_open_interest_5m period=2021-12-09
[465/1583] 2021-12-09 PUBLISHED rows=288 distinct=288 dup=0 findings=[]
PUBLISHED: series=btc_open_interest_5m period=2021-12-10
[466/1583] 2021-12-10 PUBLISHED rows=288 distinct=288 dup=0 findings=[]
PUBLISHED: series=btc_open_interest_5m period=2021-12-11
[467/1583] 2021-12-11 PUBLISHED rows=288 distinct=288 dup=0 findings=[]
PUBLISHED: series=btc_open_interest_5m period=2021-12-12
[468/1583] 2021-12-12 PUBLISHED rows=288 distinct=288 dup=0 findings=[]
PUBLISHED: series=btc_open_interest_5m period=2021-12-13
[469/1583] 2021-12-13 PUBLISHED rows=288 distinct=288 dup=0 findings=[]
PUBLISHED: series=btc_open_interest_5m period=2021-12-14
[470/1583] 2021-12-14 PUBLISHED rows=288 distinct=288 dup=0 findings=[]
BLOCKED: series=btc_open_interest_5m period=2021-12-15
[471/1583] 2021-12-15 BLOCKED rows=287 distinct=287 dup=0 findings=['oi_daily_boundary']
PUBLISHED: series=btc_open_interest_5m period=2021-12-16
[472/1583] 2021-12-16 PUBLISHED rows=288 distinct=288 dup=0 findings=[]
PUBLISHED: series=btc_open_interest_5m period=2021-12-17
[473/1583] 2021-12-17 PUBLISHED rows=288 distinct=288 dup=0 findings=[]
PUBLISHED: series=btc_open_interest_5m period=2021-12-18
[474/1583] 2021-12-18 PUBLISHED rows=288 distinct=288 dup=0 findings=[]
PUBLISHED: series=btc_open_interest_5m period=2021-12-19
[475/1583] 2021-12-19 PUBLISHED rows=288 distinct=288 dup=0 findings=[]
PUBLISHED: series=btc_open_interest_5m period=2021-12-20
[476/1583] 2021-12-20 PUBLISHED rows=288 distinct=288 dup=0 findings=[]
PUBLISHED: series=btc_open_interest_5m period=2021-12-21
[477/1583] 2021-12-21 PUBLISHED rows=288 distinct=288 dup=0 findings=[]
PUBLISHED: series=btc_open_interest_5m period=2021-12-22
[478/1583] 2021-12-22 PUBLISHED rows=288 distinct=288 dup=0 findings=[]
PUBLISHED: series=btc_open_interest_5m period=2021-12-23
[479/1583] 2021-12-23 PUBLISHED rows=288 distinct=288 dup=0 findings=[]
BLOCKED: series=btc_open_interest_5m period=2021-12-24
[480/1583] 2021-12-24 BLOCKED rows=287 distinct=287 dup=0 findings=['oi_daily_boundary']
PUBLISHED: series=btc_open_interest_5m period=2021-12-25
[481/1583] 2021-12-25 PUBLISHED rows=288 distinct=288 dup=0 findings=[]
PUBLISHED: series=btc_open_interest_5m period=2021-12-26
[482/1583] 2021-12-26 PUBLISHED rows=288 distinct=288 dup=0 findings=[]
PUBLISHED: series=btc_open_interest_5m period=2021-12-27
[483/1583] 2021-12-27 PUBLISHED rows=288 distinct=288 dup=0 findings=[]
PUBLISHED: series=btc_open_interest_5m period=2021-12-28
[484/1583] 2021-12-28 PUBLISHED rows=288 distinct=288 dup=0 findings=[]
BLOCKED: series=btc_open_interest_5m period=2021-12-29
[485/1583] 2021-12-29 BLOCKED rows=287 distinct=287 dup=0 findings=['oi_daily_boundary']
PUBLISHED: series=btc_open_interest_5m period=2021-12-30
[486/1583] 2021-12-30 PUBLISHED rows=288 distinct=288 dup=0 findings=[]
BLOCKED: series=btc_open_interest_5m period=2021-12-31
[487/1583] 2021-12-31 BLOCKED rows=287 distinct=287 dup=0 findings=['oi_daily_boundary']
PUBLISHED: series=btc_open_interest_5m period=2022-01-01
[488/1583] 2022-01-01 PUBLISHED rows=288 distinct=288 dup=0 findings=[]
PUBLISHED: series=btc_open_interest_5m period=2022-01-02
[489/1583] 2022-01-02 PUBLISHED rows=288 distinct=288 dup=0 findings=[]
PUBLISHED: series=btc_open_interest_5m period=2022-01-03
[490/1583] 2022-01-03 PUBLISHED rows=288 distinct=288 dup=0 findings=[]
PUBLISHED: series=btc_open_interest_5m period=2022-01-04
[491/1583] 2022-01-04 PUBLISHED rows=288 distinct=288 dup=0 findings=[]
PUBLISHED: series=btc_open_interest_5m period=2022-01-05
[492/1583] 2022-01-05 PUBLISHED rows=288 distinct=288 dup=0 findings=[]
PUBLISHED: series=btc_open_interest_5m period=2022-01-06
[493/1583] 2022-01-06 PUBLISHED rows=288 distinct=288 dup=0 findings=[]
PUBLISHED: series=btc_open_interest_5m period=2022-01-07
[494/1583] 2022-01-07 PUBLISHED rows=288 distinct=288 dup=0 findings=[]
PUBLISHED: series=btc_open_interest_5m period=2022-01-08
[495/1583] 2022-01-08 PUBLISHED rows=288 distinct=288 dup=0 findings=[]
PUBLISHED: series=btc_open_interest_5m period=2022-01-09
[496/1583] 2022-01-09 PUBLISHED rows=288 distinct=288 dup=0 findings=[]
PUBLISHED: series=btc_open_interest_5m period=2022-01-10
[497/1583] 2022-01-10 PUBLISHED rows=288 distinct=288 dup=0 findings=[]
PUBLISHED: series=btc_open_interest_5m period=2022-01-11
[498/1583] 2022-01-11 PUBLISHED rows=288 distinct=288 dup=0 findings=[]
PUBLISHED: series=btc_open_interest_5m period=2022-01-12
[499/1583] 2022-01-12 PUBLISHED rows=288 distinct=288 dup=0 findings=[]
PUBLISHED: series=btc_open_interest_5m period=2022-01-13
[500/1583] 2022-01-13 PUBLISHED rows=288 distinct=288 dup=0 findings=[]
PUBLISHED: series=btc_open_interest_5m period=2022-01-14
[501/1583] 2022-01-14 PUBLISHED rows=288 distinct=288 dup=0 findings=[]
PUBLISHED: series=btc_open_interest_5m period=2022-01-15
[502/1583] 2022-01-15 PUBLISHED rows=288 distinct=288 dup=0 findings=[]
PUBLISHED: series=btc_open_interest_5m period=2022-01-16
[503/1583] 2022-01-16 PUBLISHED rows=288 distinct=288 dup=0 findings=[]
PUBLISHED: series=btc_open_interest_5m period=2022-01-17
[504/1583] 2022-01-17 PUBLISHED rows=288 distinct=288 dup=0 findings=[]
PUBLISHED: series=btc_open_interest_5m period=2022-01-18
[505/1583] 2022-01-18 PUBLISHED rows=288 distinct=288 dup=0 findings=[]
PUBLISHED: series=btc_open_interest_5m period=2022-01-19
[506/1583] 2022-01-19 PUBLISHED rows=288 distinct=288 dup=0 findings=[]
PUBLISHED: series=btc_open_interest_5m period=2022-01-20
[507/1583] 2022-01-20 PUBLISHED rows=288 distinct=288 dup=0 findings=[]
PUBLISHED: series=btc_open_interest_5m period=2022-01-21
[508/1583] 2022-01-21 PUBLISHED rows=288 distinct=288 dup=0 findings=[]
PUBLISHED: series=btc_open_interest_5m period=2022-01-22
[509/1583] 2022-01-22 PUBLISHED rows=288 distinct=288 dup=0 findings=[]
PUBLISHED: series=btc_open_interest_5m period=2022-01-23
[510/1583] 2022-01-23 PUBLISHED rows=288 distinct=288 dup=0 findings=[]
PUBLISHED: series=btc_open_interest_5m period=2022-01-24
[511/1583] 2022-01-24 PUBLISHED rows=288 distinct=288 dup=0 findings=[]
PUBLISHED: series=btc_open_interest_5m period=2022-01-25
[512/1583] 2022-01-25 PUBLISHED rows=288 distinct=288 dup=0 findings=[]
PUBLISHED: series=btc_open_interest_5m period=2022-01-26
[513/1583] 2022-01-26 PUBLISHED rows=288 distinct=288 dup=0 findings=[]
PUBLISHED: series=btc_open_interest_5m period=2022-01-27
[514/1583] 2022-01-27 PUBLISHED rows=288 distinct=288 dup=0 findings=[]
PUBLISHED: series=btc_open_interest_5m period=2022-01-28
[515/1583] 2022-01-28 PUBLISHED rows=288 distinct=288 dup=0 findings=[]
PUBLISHED: series=btc_open_interest_5m period=2022-01-29
[516/1583] 2022-01-29 PUBLISHED rows=288 distinct=288 dup=0 findings=[]
PUBLISHED: series=btc_open_interest_5m period=2022-01-30
[517/1583] 2022-01-30 PUBLISHED rows=288 distinct=288 dup=0 findings=[]
PUBLISHED: series=btc_open_interest_5m period=2022-01-31
[518/1583] 2022-01-31 PUBLISHED rows=288 distinct=288 dup=0 findings=[]
PUBLISHED: series=btc_open_interest_5m period=2022-02-01
[519/1583] 2022-02-01 PUBLISHED rows=288 distinct=288 dup=0 findings=[]
PUBLISHED: series=btc_open_interest_5m period=2022-02-02
[520/1583] 2022-02-02 PUBLISHED rows=288 distinct=288 dup=0 findings=[]
PUBLISHED: series=btc_open_interest_5m period=2022-02-03
[521/1583] 2022-02-03 PUBLISHED rows=288 distinct=288 dup=0 findings=[]
PUBLISHED: series=btc_open_interest_5m period=2022-02-04
[522/1583] 2022-02-04 PUBLISHED rows=288 distinct=288 dup=0 findings=[]
PUBLISHED: series=btc_open_interest_5m period=2022-02-05
[523/1583] 2022-02-05 PUBLISHED rows=288 distinct=288 dup=0 findings=[]
PUBLISHED: series=btc_open_interest_5m period=2022-02-06
[524/1583] 2022-02-06 PUBLISHED rows=288 distinct=288 dup=0 findings=[]
PUBLISHED: series=btc_open_interest_5m period=2022-02-07
[525/1583] 2022-02-07 PUBLISHED rows=288 distinct=288 dup=0 findings=[]
PUBLISHED: series=btc_open_interest_5m period=2022-02-08
[526/1583] 2022-02-08 PUBLISHED rows=288 distinct=288 dup=0 findings=[]
PUBLISHED: series=btc_open_interest_5m period=2022-02-09
[527/1583] 2022-02-09 PUBLISHED rows=288 distinct=288 dup=0 findings=[]
PUBLISHED: series=btc_open_interest_5m period=2022-02-10
[528/1583] 2022-02-10 PUBLISHED rows=288 distinct=288 dup=0 findings=[]
PUBLISHED: series=btc_open_interest_5m period=2022-02-11
[529/1583] 2022-02-11 PUBLISHED rows=288 distinct=288 dup=0 findings=[]
PUBLISHED: series=btc_open_interest_5m period=2022-02-12
[530/1583] 2022-02-12 PUBLISHED rows=288 distinct=288 dup=0 findings=[]
PUBLISHED: series=btc_open_interest_5m period=2022-02-13
[531/1583] 2022-02-13 PUBLISHED rows=288 distinct=288 dup=0 findings=[]
PUBLISHED: series=btc_open_interest_5m period=2022-02-14
[532/1583] 2022-02-14 PUBLISHED rows=288 distinct=288 dup=0 findings=[]
PUBLISHED: series=btc_open_interest_5m period=2022-02-15
[533/1583] 2022-02-15 PUBLISHED rows=288 distinct=288 dup=0 findings=[]
PUBLISHED: series=btc_open_interest_5m period=2022-02-16
[534/1583] 2022-02-16 PUBLISHED rows=288 distinct=288 dup=0 findings=[]
PUBLISHED: series=btc_open_interest_5m period=2022-02-17
[535/1583] 2022-02-17 PUBLISHED rows=288 distinct=288 dup=0 findings=[]
PUBLISHED: series=btc_open_interest_5m period=2022-02-18
[536/1583] 2022-02-18 PUBLISHED rows=288 distinct=288 dup=0 findings=[]
PUBLISHED: series=btc_open_interest_5m period=2022-02-19
[537/1583] 2022-02-19 PUBLISHED rows=288 distinct=288 dup=0 findings=[]
PUBLISHED: series=btc_open_interest_5m period=2022-02-20
[538/1583] 2022-02-20 PUBLISHED rows=288 distinct=288 dup=0 findings=[]
PUBLISHED: series=btc_open_interest_5m period=2022-02-21
[539/1583] 2022-02-21 PUBLISHED rows=288 distinct=288 dup=0 findings=[]
PUBLISHED: series=btc_open_interest_5m period=2022-02-22
[540/1583] 2022-02-22 PUBLISHED rows=288 distinct=288 dup=0 findings=[]
PUBLISHED: series=btc_open_interest_5m period=2022-02-23
[541/1583] 2022-02-23 PUBLISHED rows=288 distinct=288 dup=0 findings=[]
PUBLISHED: series=btc_open_interest_5m period=2022-02-24
[542/1583] 2022-02-24 PUBLISHED rows=288 distinct=288 dup=0 findings=[]
PUBLISHED: series=btc_open_interest_5m period=2022-02-25
[543/1583] 2022-02-25 PUBLISHED rows=288 distinct=288 dup=0 findings=[]
PUBLISHED: series=btc_open_interest_5m period=2022-02-26
[544/1583] 2022-02-26 PUBLISHED rows=288 distinct=288 dup=0 findings=[]
PUBLISHED: series=btc_open_interest_5m period=2022-02-27
[545/1583] 2022-02-27 PUBLISHED rows=288 distinct=288 dup=0 findings=[]
PUBLISHED: series=btc_open_interest_5m period=2022-02-28
[546/1583] 2022-02-28 PUBLISHED rows=288 distinct=288 dup=0 findings=[]
PUBLISHED: series=btc_open_interest_5m period=2022-03-01
[547/1583] 2022-03-01 PUBLISHED rows=288 distinct=288 dup=0 findings=[]
PUBLISHED: series=btc_open_interest_5m period=2022-03-02
[548/1583] 2022-03-02 PUBLISHED rows=288 distinct=288 dup=0 findings=[]
PUBLISHED: series=btc_open_interest_5m period=2022-03-03
[549/1583] 2022-03-03 PUBLISHED rows=288 distinct=288 dup=0 findings=[]
PUBLISHED: series=btc_open_interest_5m period=2022-03-04
[550/1583] 2022-03-04 PUBLISHED rows=288 distinct=288 dup=0 findings=[]
PUBLISHED: series=btc_open_interest_5m period=2022-03-05
[551/1583] 2022-03-05 PUBLISHED rows=288 distinct=288 dup=0 findings=[]
PUBLISHED: series=btc_open_interest_5m period=2022-03-06
[552/1583] 2022-03-06 PUBLISHED rows=288 distinct=288 dup=0 findings=[]
PUBLISHED: series=btc_open_interest_5m period=2022-03-07
[553/1583] 2022-03-07 PUBLISHED rows=288 distinct=288 dup=0 findings=[]
PUBLISHED: series=btc_open_interest_5m period=2022-03-08
[554/1583] 2022-03-08 PUBLISHED rows=288 distinct=288 dup=0 findings=[]
PUBLISHED: series=btc_open_interest_5m period=2022-03-09
[555/1583] 2022-03-09 PUBLISHED rows=288 distinct=288 dup=0 findings=[]
PUBLISHED: series=btc_open_interest_5m period=2022-03-10
[556/1583] 2022-03-10 PUBLISHED rows=288 distinct=288 dup=0 findings=[]
PUBLISHED: series=btc_open_interest_5m period=2022-03-11
[557/1583] 2022-03-11 PUBLISHED rows=288 distinct=288 dup=0 findings=[]
PUBLISHED: series=btc_open_interest_5m period=2022-03-12
[558/1583] 2022-03-12 PUBLISHED rows=288 distinct=288 dup=0 findings=[]
PUBLISHED: series=btc_open_interest_5m period=2022-03-13
[559/1583] 2022-03-13 PUBLISHED rows=288 distinct=288 dup=0 findings=[]
PUBLISHED: series=btc_open_interest_5m period=2022-03-14
[560/1583] 2022-03-14 PUBLISHED rows=288 distinct=288 dup=0 findings=[]
PUBLISHED: series=btc_open_interest_5m period=2022-03-15
[561/1583] 2022-03-15 PUBLISHED rows=288 distinct=288 dup=0 findings=[]
PUBLISHED: series=btc_open_interest_5m period=2022-03-16
[562/1583] 2022-03-16 PUBLISHED rows=288 distinct=288 dup=0 findings=[]
PUBLISHED: series=btc_open_interest_5m period=2022-03-17
[563/1583] 2022-03-17 PUBLISHED rows=288 distinct=288 dup=0 findings=[]
PUBLISHED: series=btc_open_interest_5m period=2022-03-18
[564/1583] 2022-03-18 PUBLISHED rows=288 distinct=288 dup=0 findings=[]
PUBLISHED: series=btc_open_interest_5m period=2022-03-19
[565/1583] 2022-03-19 PUBLISHED rows=288 distinct=288 dup=0 findings=[]
PUBLISHED: series=btc_open_interest_5m period=2022-03-20
[566/1583] 2022-03-20 PUBLISHED rows=288 distinct=288 dup=0 findings=[]
PUBLISHED: series=btc_open_interest_5m period=2022-03-21
[567/1583] 2022-03-21 PUBLISHED rows=288 distinct=288 dup=0 findings=[]
PUBLISHED: series=btc_open_interest_5m period=2022-03-22
[568/1583] 2022-03-22 PUBLISHED rows=288 distinct=288 dup=0 findings=[]
PUBLISHED: series=btc_open_interest_5m period=2022-03-23
[569/1583] 2022-03-23 PUBLISHED rows=288 distinct=288 dup=0 findings=[]
PUBLISHED: series=btc_open_interest_5m period=2022-03-24
[570/1583] 2022-03-24 PUBLISHED rows=288 distinct=288 dup=0 findings=[]
PUBLISHED: series=btc_open_interest_5m period=2022-03-25
[571/1583] 2022-03-25 PUBLISHED rows=288 distinct=288 dup=0 findings=[]
PUBLISHED: series=btc_open_interest_5m period=2022-03-26
[572/1583] 2022-03-26 PUBLISHED rows=288 distinct=288 dup=0 findings=[]
PUBLISHED: series=btc_open_interest_5m period=2022-03-27
[573/1583] 2022-03-27 PUBLISHED rows=288 distinct=288 dup=0 findings=[]
PUBLISHED: series=btc_open_interest_5m period=2022-03-28
[574/1583] 2022-03-28 PUBLISHED rows=288 distinct=288 dup=0 findings=[]
PUBLISHED: series=btc_open_interest_5m period=2022-03-29
[575/1583] 2022-03-29 PUBLISHED rows=288 distinct=288 dup=0 findings=[]
PUBLISHED: series=btc_open_interest_5m period=2022-03-30
[576/1583] 2022-03-30 PUBLISHED rows=288 distinct=288 dup=0 findings=[]
PUBLISHED: series=btc_open_interest_5m period=2022-03-31
[577/1583] 2022-03-31 PUBLISHED rows=288 distinct=288 dup=0 findings=[]
PUBLISHED: series=btc_open_interest_5m period=2022-04-01
[578/1583] 2022-04-01 PUBLISHED rows=288 distinct=288 dup=0 findings=[]
PUBLISHED: series=btc_open_interest_5m period=2022-04-02
[579/1583] 2022-04-02 PUBLISHED rows=288 distinct=288 dup=0 findings=[]
PUBLISHED: series=btc_open_interest_5m period=2022-04-03
[580/1583] 2022-04-03 PUBLISHED rows=288 distinct=288 dup=0 findings=[]
PUBLISHED: series=btc_open_interest_5m period=2022-04-04
[581/1583] 2022-04-04 PUBLISHED rows=288 distinct=288 dup=0 findings=[]
PUBLISHED: series=btc_open_interest_5m period=2022-04-05
[582/1583] 2022-04-05 PUBLISHED rows=288 distinct=288 dup=0 findings=[]
PUBLISHED: series=btc_open_interest_5m period=2022-04-06
[583/1583] 2022-04-06 PUBLISHED rows=288 distinct=288 dup=0 findings=[]
PUBLISHED: series=btc_open_interest_5m period=2022-04-07
[584/1583] 2022-04-07 PUBLISHED rows=288 distinct=288 dup=0 findings=[]
PUBLISHED: series=btc_open_interest_5m period=2022-04-08
[585/1583] 2022-04-08 PUBLISHED rows=288 distinct=288 dup=0 findings=[]
PUBLISHED: series=btc_open_interest_5m period=2022-04-09
[586/1583] 2022-04-09 PUBLISHED rows=288 distinct=288 dup=0 findings=[]
PUBLISHED: series=btc_open_interest_5m period=2022-04-10
[587/1583] 2022-04-10 PUBLISHED rows=288 distinct=288 dup=0 findings=[]
PUBLISHED: series=btc_open_interest_5m period=2022-04-11
[588/1583] 2022-04-11 PUBLISHED rows=288 distinct=288 dup=0 findings=[]
PUBLISHED: series=btc_open_interest_5m period=2022-04-12
[589/1583] 2022-04-12 PUBLISHED rows=288 distinct=288 dup=0 findings=[]
PUBLISHED: series=btc_open_interest_5m period=2022-04-13
[590/1583] 2022-04-13 PUBLISHED rows=288 distinct=288 dup=0 findings=[]
PUBLISHED: series=btc_open_interest_5m period=2022-04-14
[591/1583] 2022-04-14 PUBLISHED rows=288 distinct=288 dup=0 findings=[]
PUBLISHED: series=btc_open_interest_5m period=2022-04-15
[592/1583] 2022-04-15 PUBLISHED rows=288 distinct=288 dup=0 findings=[]
PUBLISHED: series=btc_open_interest_5m period=2022-04-16
[593/1583] 2022-04-16 PUBLISHED rows=288 distinct=288 dup=0 findings=[]
PUBLISHED: series=btc_open_interest_5m period=2022-04-17
[594/1583] 2022-04-17 PUBLISHED rows=288 distinct=288 dup=0 findings=[]
PUBLISHED: series=btc_open_interest_5m period=2022-04-18
[595/1583] 2022-04-18 PUBLISHED rows=288 distinct=288 dup=0 findings=[]
PUBLISHED: series=btc_open_interest_5m period=2022-04-19
[596/1583] 2022-04-19 PUBLISHED rows=288 distinct=288 dup=0 findings=[]
PUBLISHED: series=btc_open_interest_5m period=2022-04-20
[597/1583] 2022-04-20 PUBLISHED rows=288 distinct=288 dup=0 findings=[]
PUBLISHED: series=btc_open_interest_5m period=2022-04-21
[598/1583] 2022-04-21 PUBLISHED rows=288 distinct=288 dup=0 findings=[]
PUBLISHED: series=btc_open_interest_5m period=2022-04-22
[599/1583] 2022-04-22 PUBLISHED rows=288 distinct=288 dup=0 findings=[]
PUBLISHED: series=btc_open_interest_5m period=2022-04-23
[600/1583] 2022-04-23 PUBLISHED rows=288 distinct=288 dup=0 findings=[]
PUBLISHED: series=btc_open_interest_5m period=2022-04-24
[601/1583] 2022-04-24 PUBLISHED rows=288 distinct=288 dup=0 findings=[]
PUBLISHED: series=btc_open_interest_5m period=2022-04-25
[602/1583] 2022-04-25 PUBLISHED rows=288 distinct=288 dup=0 findings=[]
PUBLISHED: series=btc_open_interest_5m period=2022-04-26
[603/1583] 2022-04-26 PUBLISHED rows=288 distinct=288 dup=0 findings=[]
PUBLISHED: series=btc_open_interest_5m period=2022-04-27
[604/1583] 2022-04-27 PUBLISHED rows=288 distinct=288 dup=0 findings=[]
PUBLISHED: series=btc_open_interest_5m period=2022-04-28
[605/1583] 2022-04-28 PUBLISHED rows=288 distinct=288 dup=0 findings=[]
PUBLISHED: series=btc_open_interest_5m period=2022-04-29
[606/1583] 2022-04-29 PUBLISHED rows=288 distinct=288 dup=0 findings=[]
PUBLISHED: series=btc_open_interest_5m period=2022-04-30
[607/1583] 2022-04-30 PUBLISHED rows=288 distinct=288 dup=0 findings=[]
PUBLISHED: series=btc_open_interest_5m period=2022-05-01
[608/1583] 2022-05-01 PUBLISHED rows=288 distinct=288 dup=0 findings=[]
PUBLISHED: series=btc_open_interest_5m period=2022-05-02
[609/1583] 2022-05-02 PUBLISHED rows=288 distinct=288 dup=0 findings=[]
PUBLISHED: series=btc_open_interest_5m period=2022-05-03
[610/1583] 2022-05-03 PUBLISHED rows=288 distinct=288 dup=0 findings=[]
PUBLISHED: series=btc_open_interest_5m period=2022-05-04
[611/1583] 2022-05-04 PUBLISHED rows=288 distinct=288 dup=0 findings=[]
PUBLISHED: series=btc_open_interest_5m period=2022-05-05
[612/1583] 2022-05-05 PUBLISHED rows=288 distinct=288 dup=0 findings=[]
PUBLISHED: series=btc_open_interest_5m period=2022-05-06
[613/1583] 2022-05-06 PUBLISHED rows=288 distinct=288 dup=0 findings=[]
PUBLISHED: series=btc_open_interest_5m period=2022-05-07
[614/1583] 2022-05-07 PUBLISHED rows=288 distinct=288 dup=0 findings=[]
PUBLISHED: series=btc_open_interest_5m period=2022-05-08
[615/1583] 2022-05-08 PUBLISHED rows=288 distinct=288 dup=0 findings=[]
PUBLISHED: series=btc_open_interest_5m period=2022-05-09
[616/1583] 2022-05-09 PUBLISHED rows=288 distinct=288 dup=0 findings=[]
PUBLISHED: series=btc_open_interest_5m period=2022-05-10
[617/1583] 2022-05-10 PUBLISHED rows=288 distinct=288 dup=0 findings=[]
PUBLISHED: series=btc_open_interest_5m period=2022-05-11
[618/1583] 2022-05-11 PUBLISHED rows=288 distinct=288 dup=0 findings=[]
PUBLISHED: series=btc_open_interest_5m period=2022-05-12
[619/1583] 2022-05-12 PUBLISHED rows=288 distinct=288 dup=0 findings=[]
PUBLISHED: series=btc_open_interest_5m period=2022-05-13
[620/1583] 2022-05-13 PUBLISHED rows=288 distinct=288 dup=0 findings=[]
PUBLISHED: series=btc_open_interest_5m period=2022-05-14
[621/1583] 2022-05-14 PUBLISHED rows=288 distinct=288 dup=0 findings=[]
PUBLISHED: series=btc_open_interest_5m period=2022-05-15
[622/1583] 2022-05-15 PUBLISHED rows=288 distinct=288 dup=0 findings=[]
PUBLISHED: series=btc_open_interest_5m period=2022-05-16
[623/1583] 2022-05-16 PUBLISHED rows=288 distinct=288 dup=0 findings=[]
PUBLISHED: series=btc_open_interest_5m period=2022-05-17
[624/1583] 2022-05-17 PUBLISHED rows=288 distinct=288 dup=0 findings=[]
PUBLISHED: series=btc_open_interest_5m period=2022-05-18
[625/1583] 2022-05-18 PUBLISHED rows=288 distinct=288 dup=0 findings=[]
PUBLISHED: series=btc_open_interest_5m period=2022-05-19
[626/1583] 2022-05-19 PUBLISHED rows=288 distinct=288 dup=0 findings=[]
PUBLISHED: series=btc_open_interest_5m period=2022-05-20
[627/1583] 2022-05-20 PUBLISHED rows=288 distinct=288 dup=0 findings=[]
PUBLISHED: series=btc_open_interest_5m period=2022-05-21
[628/1583] 2022-05-21 PUBLISHED rows=288 distinct=288 dup=0 findings=[]
PUBLISHED: series=btc_open_interest_5m period=2022-05-22
[629/1583] 2022-05-22 PUBLISHED rows=288 distinct=288 dup=0 findings=[]
PUBLISHED: series=btc_open_interest_5m period=2022-05-23
[630/1583] 2022-05-23 PUBLISHED rows=288 distinct=288 dup=0 findings=[]
PUBLISHED: series=btc_open_interest_5m period=2022-05-24
[631/1583] 2022-05-24 PUBLISHED rows=288 distinct=288 dup=0 findings=[]
PUBLISHED: series=btc_open_interest_5m period=2022-05-25
[632/1583] 2022-05-25 PUBLISHED rows=288 distinct=288 dup=0 findings=[]
PUBLISHED: series=btc_open_interest_5m period=2022-05-26
[633/1583] 2022-05-26 PUBLISHED rows=288 distinct=288 dup=0 findings=[]
PUBLISHED: series=btc_open_interest_5m period=2022-05-27
[634/1583] 2022-05-27 PUBLISHED rows=288 distinct=288 dup=0 findings=[]
PUBLISHED: series=btc_open_interest_5m period=2022-05-28
[635/1583] 2022-05-28 PUBLISHED rows=288 distinct=288 dup=0 findings=[]
PUBLISHED: series=btc_open_interest_5m period=2022-05-29
[636/1583] 2022-05-29 PUBLISHED rows=288 distinct=288 dup=0 findings=[]
PUBLISHED: series=btc_open_interest_5m period=2022-05-30
[637/1583] 2022-05-30 PUBLISHED rows=288 distinct=288 dup=0 findings=[]
PUBLISHED: series=btc_open_interest_5m period=2022-05-31
[638/1583] 2022-05-31 PUBLISHED rows=288 distinct=288 dup=0 findings=[]
PUBLISHED: series=btc_open_interest_5m period=2022-06-01
[639/1583] 2022-06-01 PUBLISHED rows=288 distinct=288 dup=0 findings=[]
PUBLISHED: series=btc_open_interest_5m period=2022-06-02
[640/1583] 2022-06-02 PUBLISHED rows=288 distinct=288 dup=0 findings=[]
PUBLISHED: series=btc_open_interest_5m period=2022-06-03
[641/1583] 2022-06-03 PUBLISHED rows=288 distinct=288 dup=0 findings=[]
PUBLISHED: series=btc_open_interest_5m period=2022-06-04
[642/1583] 2022-06-04 PUBLISHED rows=288 distinct=288 dup=0 findings=[]
PUBLISHED: series=btc_open_interest_5m period=2022-06-05
[643/1583] 2022-06-05 PUBLISHED rows=288 distinct=288 dup=0 findings=[]
PUBLISHED: series=btc_open_interest_5m period=2022-06-06
[644/1583] 2022-06-06 PUBLISHED rows=288 distinct=288 dup=0 findings=[]
PUBLISHED: series=btc_open_interest_5m period=2022-06-07
[645/1583] 2022-06-07 PUBLISHED rows=288 distinct=288 dup=0 findings=[]
PUBLISHED: series=btc_open_interest_5m period=2022-06-08
[646/1583] 2022-06-08 PUBLISHED rows=288 distinct=288 dup=0 findings=[]
PUBLISHED: series=btc_open_interest_5m period=2022-06-09
[647/1583] 2022-06-09 PUBLISHED rows=288 distinct=288 dup=0 findings=[]
PUBLISHED: series=btc_open_interest_5m period=2022-06-10
[648/1583] 2022-06-10 PUBLISHED rows=288 distinct=288 dup=0 findings=[]
PUBLISHED: series=btc_open_interest_5m period=2022-06-11
[649/1583] 2022-06-11 PUBLISHED rows=288 distinct=288 dup=0 findings=[]
PUBLISHED: series=btc_open_interest_5m period=2022-06-12
[650/1583] 2022-06-12 PUBLISHED rows=288 distinct=288 dup=0 findings=[]
PUBLISHED: series=btc_open_interest_5m period=2022-06-13
[651/1583] 2022-06-13 PUBLISHED rows=288 distinct=288 dup=0 findings=[]
PUBLISHED: series=btc_open_interest_5m period=2022-06-14
[652/1583] 2022-06-14 PUBLISHED rows=288 distinct=288 dup=0 findings=[]
PUBLISHED: series=btc_open_interest_5m period=2022-06-15
[653/1583] 2022-06-15 PUBLISHED rows=288 distinct=288 dup=0 findings=[]
PUBLISHED: series=btc_open_interest_5m period=2022-06-16
[654/1583] 2022-06-16 PUBLISHED rows=288 distinct=288 dup=0 findings=[]
PUBLISHED: series=btc_open_interest_5m period=2022-06-17
[655/1583] 2022-06-17 PUBLISHED rows=288 distinct=288 dup=0 findings=[]
PUBLISHED: series=btc_open_interest_5m period=2022-06-18
[656/1583] 2022-06-18 PUBLISHED rows=288 distinct=288 dup=0 findings=[]
PUBLISHED: series=btc_open_interest_5m period=2022-06-19
[657/1583] 2022-06-19 PUBLISHED rows=288 distinct=288 dup=0 findings=[]
PUBLISHED: series=btc_open_interest_5m period=2022-06-20
[658/1583] 2022-06-20 PUBLISHED rows=288 distinct=288 dup=0 findings=[]
PUBLISHED: series=btc_open_interest_5m period=2022-06-21
[659/1583] 2022-06-21 PUBLISHED rows=288 distinct=288 dup=0 findings=[]
PUBLISHED: series=btc_open_interest_5m period=2022-06-22
[660/1583] 2022-06-22 PUBLISHED rows=288 distinct=288 dup=0 findings=[]
PUBLISHED: series=btc_open_interest_5m period=2022-06-23
[661/1583] 2022-06-23 PUBLISHED rows=288 distinct=288 dup=0 findings=[]
PUBLISHED: series=btc_open_interest_5m period=2022-06-24
[662/1583] 2022-06-24 PUBLISHED rows=288 distinct=288 dup=0 findings=[]
PUBLISHED: series=btc_open_interest_5m period=2022-06-25
[663/1583] 2022-06-25 PUBLISHED rows=288 distinct=288 dup=0 findings=[]
PUBLISHED: series=btc_open_interest_5m period=2022-06-26
[664/1583] 2022-06-26 PUBLISHED rows=288 distinct=288 dup=0 findings=[]
PUBLISHED: series=btc_open_interest_5m period=2022-06-27
[665/1583] 2022-06-27 PUBLISHED rows=288 distinct=288 dup=0 findings=[]
PUBLISHED: series=btc_open_interest_5m period=2022-06-28
[666/1583] 2022-06-28 PUBLISHED rows=288 distinct=288 dup=0 findings=[]
PUBLISHED: series=btc_open_interest_5m period=2022-06-29
[667/1583] 2022-06-29 PUBLISHED rows=288 distinct=288 dup=0 findings=[]
PUBLISHED: series=btc_open_interest_5m period=2022-06-30
[668/1583] 2022-06-30 PUBLISHED rows=288 distinct=288 dup=0 findings=[]
PUBLISHED: series=btc_open_interest_5m period=2022-07-01
[669/1583] 2022-07-01 PUBLISHED rows=288 distinct=288 dup=0 findings=[]
PUBLISHED: series=btc_open_interest_5m period=2022-07-02
[670/1583] 2022-07-02 PUBLISHED rows=288 distinct=288 dup=0 findings=[]
PUBLISHED: series=btc_open_interest_5m period=2022-07-03
[671/1583] 2022-07-03 PUBLISHED rows=288 distinct=288 dup=0 findings=[]
PUBLISHED: series=btc_open_interest_5m period=2022-07-04
[672/1583] 2022-07-04 PUBLISHED rows=288 distinct=288 dup=0 findings=[]
PUBLISHED: series=btc_open_interest_5m period=2022-07-05
[673/1583] 2022-07-05 PUBLISHED rows=288 distinct=288 dup=0 findings=[]
PUBLISHED: series=btc_open_interest_5m period=2022-07-06
[674/1583] 2022-07-06 PUBLISHED rows=288 distinct=288 dup=0 findings=[]
PUBLISHED: series=btc_open_interest_5m period=2022-07-07
[675/1583] 2022-07-07 PUBLISHED rows=288 distinct=288 dup=0 findings=[]
PUBLISHED: series=btc_open_interest_5m period=2022-07-08
[676/1583] 2022-07-08 PUBLISHED rows=288 distinct=288 dup=0 findings=[]
PUBLISHED: series=btc_open_interest_5m period=2022-07-09
[677/1583] 2022-07-09 PUBLISHED rows=288 distinct=288 dup=0 findings=[]
PUBLISHED: series=btc_open_interest_5m period=2022-07-10
[678/1583] 2022-07-10 PUBLISHED rows=288 distinct=288 dup=0 findings=[]
PUBLISHED: series=btc_open_interest_5m period=2022-07-11
[679/1583] 2022-07-11 PUBLISHED rows=288 distinct=288 dup=0 findings=[]
PUBLISHED: series=btc_open_interest_5m period=2022-07-12
[680/1583] 2022-07-12 PUBLISHED rows=288 distinct=288 dup=0 findings=[]
PUBLISHED: series=btc_open_interest_5m period=2022-07-13
[681/1583] 2022-07-13 PUBLISHED rows=288 distinct=288 dup=0 findings=[]
PUBLISHED: series=btc_open_interest_5m period=2022-07-14
[682/1583] 2022-07-14 PUBLISHED rows=288 distinct=288 dup=0 findings=[]
PUBLISHED: series=btc_open_interest_5m period=2022-07-15
[683/1583] 2022-07-15 PUBLISHED rows=288 distinct=288 dup=0 findings=[]
PUBLISHED: series=btc_open_interest_5m period=2022-07-16
[684/1583] 2022-07-16 PUBLISHED rows=288 distinct=288 dup=0 findings=[]
PUBLISHED: series=btc_open_interest_5m period=2022-07-17
[685/1583] 2022-07-17 PUBLISHED rows=288 distinct=288 dup=0 findings=[]
PUBLISHED: series=btc_open_interest_5m period=2022-07-18
[686/1583] 2022-07-18 PUBLISHED rows=288 distinct=288 dup=0 findings=[]
PUBLISHED: series=btc_open_interest_5m period=2022-07-19
[687/1583] 2022-07-19 PUBLISHED rows=288 distinct=288 dup=0 findings=[]
PUBLISHED: series=btc_open_interest_5m period=2022-07-20
[688/1583] 2022-07-20 PUBLISHED rows=288 distinct=288 dup=0 findings=[]
PUBLISHED: series=btc_open_interest_5m period=2022-07-21
[689/1583] 2022-07-21 PUBLISHED rows=288 distinct=288 dup=0 findings=[]
PUBLISHED: series=btc_open_interest_5m period=2022-07-22
[690/1583] 2022-07-22 PUBLISHED rows=288 distinct=288 dup=0 findings=[]
PUBLISHED: series=btc_open_interest_5m period=2022-07-23
[691/1583] 2022-07-23 PUBLISHED rows=288 distinct=288 dup=0 findings=[]
PUBLISHED: series=btc_open_interest_5m period=2022-07-24
[692/1583] 2022-07-24 PUBLISHED rows=288 distinct=288 dup=0 findings=[]
PUBLISHED: series=btc_open_interest_5m period=2022-07-25
[693/1583] 2022-07-25 PUBLISHED rows=288 distinct=288 dup=0 findings=[]
PUBLISHED: series=btc_open_interest_5m period=2022-07-26
[694/1583] 2022-07-26 PUBLISHED rows=288 distinct=288 dup=0 findings=[]
PUBLISHED: series=btc_open_interest_5m period=2022-07-27
[695/1583] 2022-07-27 PUBLISHED rows=288 distinct=288 dup=0 findings=[]
PUBLISHED: series=btc_open_interest_5m period=2022-07-28
[696/1583] 2022-07-28 PUBLISHED rows=288 distinct=288 dup=0 findings=[]
PUBLISHED: series=btc_open_interest_5m period=2022-07-29
[697/1583] 2022-07-29 PUBLISHED rows=288 distinct=288 dup=0 findings=[]
PUBLISHED: series=btc_open_interest_5m period=2022-07-30
[698/1583] 2022-07-30 PUBLISHED rows=288 distinct=288 dup=0 findings=[]
PUBLISHED: series=btc_open_interest_5m period=2022-07-31
[699/1583] 2022-07-31 PUBLISHED rows=288 distinct=288 dup=0 findings=[]
PUBLISHED: series=btc_open_interest_5m period=2022-08-01
[700/1583] 2022-08-01 PUBLISHED rows=288 distinct=288 dup=0 findings=[]
PUBLISHED: series=btc_open_interest_5m period=2022-08-02
[701/1583] 2022-08-02 PUBLISHED rows=288 distinct=288 dup=0 findings=[]
PUBLISHED: series=btc_open_interest_5m period=2022-08-03
[702/1583] 2022-08-03 PUBLISHED rows=288 distinct=288 dup=0 findings=[]
PUBLISHED: series=btc_open_interest_5m period=2022-08-04
[703/1583] 2022-08-04 PUBLISHED rows=288 distinct=288 dup=0 findings=[]
PUBLISHED: series=btc_open_interest_5m period=2022-08-05
[704/1583] 2022-08-05 PUBLISHED rows=288 distinct=288 dup=0 findings=[]
PUBLISHED: series=btc_open_interest_5m period=2022-08-06
[705/1583] 2022-08-06 PUBLISHED rows=288 distinct=288 dup=0 findings=[]
PUBLISHED: series=btc_open_interest_5m period=2022-08-07
[706/1583] 2022-08-07 PUBLISHED rows=288 distinct=288 dup=0 findings=[]
PUBLISHED: series=btc_open_interest_5m period=2022-08-08
[707/1583] 2022-08-08 PUBLISHED rows=288 distinct=288 dup=0 findings=[]
PUBLISHED: series=btc_open_interest_5m period=2022-08-09
[708/1583] 2022-08-09 PUBLISHED rows=288 distinct=288 dup=0 findings=[]
PUBLISHED: series=btc_open_interest_5m period=2022-08-10
[709/1583] 2022-08-10 PUBLISHED rows=288 distinct=288 dup=0 findings=[]
PUBLISHED: series=btc_open_interest_5m period=2022-08-11
[710/1583] 2022-08-11 PUBLISHED rows=288 distinct=288 dup=0 findings=[]
PUBLISHED: series=btc_open_interest_5m period=2022-08-12
[711/1583] 2022-08-12 PUBLISHED rows=288 distinct=288 dup=0 findings=[]
PUBLISHED: series=btc_open_interest_5m period=2022-08-13
[712/1583] 2022-08-13 PUBLISHED rows=288 distinct=288 dup=0 findings=[]
PUBLISHED: series=btc_open_interest_5m period=2022-08-14
[713/1583] 2022-08-14 PUBLISHED rows=288 distinct=288 dup=0 findings=[]
PUBLISHED: series=btc_open_interest_5m period=2022-08-15
[714/1583] 2022-08-15 PUBLISHED rows=288 distinct=288 dup=0 findings=[]
PUBLISHED: series=btc_open_interest_5m period=2022-08-16
[715/1583] 2022-08-16 PUBLISHED rows=288 distinct=288 dup=0 findings=[]
PUBLISHED: series=btc_open_interest_5m period=2022-08-17
[716/1583] 2022-08-17 PUBLISHED rows=288 distinct=288 dup=0 findings=[]
PUBLISHED: series=btc_open_interest_5m period=2022-08-18
[717/1583] 2022-08-18 PUBLISHED rows=288 distinct=288 dup=0 findings=[]
PUBLISHED: series=btc_open_interest_5m period=2022-08-19
[718/1583] 2022-08-19 PUBLISHED rows=288 distinct=288 dup=0 findings=[]
PUBLISHED: series=btc_open_interest_5m period=2022-08-20
[719/1583] 2022-08-20 PUBLISHED rows=288 distinct=288 dup=0 findings=[]
PUBLISHED: series=btc_open_interest_5m period=2022-08-21
[720/1583] 2022-08-21 PUBLISHED rows=288 distinct=288 dup=0 findings=[]
PUBLISHED: series=btc_open_interest_5m period=2022-08-22
[721/1583] 2022-08-22 PUBLISHED rows=288 distinct=288 dup=0 findings=[]
PUBLISHED: series=btc_open_interest_5m period=2022-08-23
[722/1583] 2022-08-23 PUBLISHED rows=288 distinct=288 dup=0 findings=[]
PUBLISHED: series=btc_open_interest_5m period=2022-08-24
[723/1583] 2022-08-24 PUBLISHED rows=288 distinct=288 dup=0 findings=[]
PUBLISHED: series=btc_open_interest_5m period=2022-08-25
[724/1583] 2022-08-25 PUBLISHED rows=288 distinct=288 dup=0 findings=[]
PUBLISHED: series=btc_open_interest_5m period=2022-08-26
[725/1583] 2022-08-26 PUBLISHED rows=288 distinct=288 dup=0 findings=[]
PUBLISHED: series=btc_open_interest_5m period=2022-08-27
[726/1583] 2022-08-27 PUBLISHED rows=288 distinct=288 dup=0 findings=[]
PUBLISHED: series=btc_open_interest_5m period=2022-08-28
[727/1583] 2022-08-28 PUBLISHED rows=288 distinct=288 dup=0 findings=[]
PUBLISHED: series=btc_open_interest_5m period=2022-08-29
[728/1583] 2022-08-29 PUBLISHED rows=288 distinct=288 dup=0 findings=[]
PUBLISHED: series=btc_open_interest_5m period=2022-08-30
[729/1583] 2022-08-30 PUBLISHED rows=288 distinct=288 dup=0 findings=[]
PUBLISHED: series=btc_open_interest_5m period=2022-08-31
[730/1583] 2022-08-31 PUBLISHED rows=288 distinct=288 dup=0 findings=[]
PUBLISHED: series=btc_open_interest_5m period=2022-09-01
[731/1583] 2022-09-01 PUBLISHED rows=288 distinct=288 dup=0 findings=[]
PUBLISHED: series=btc_open_interest_5m period=2022-09-02
[732/1583] 2022-09-02 PUBLISHED rows=288 distinct=288 dup=0 findings=[]
PUBLISHED: series=btc_open_interest_5m period=2022-09-03
[733/1583] 2022-09-03 PUBLISHED rows=288 distinct=288 dup=0 findings=[]
PUBLISHED: series=btc_open_interest_5m period=2022-09-04
[734/1583] 2022-09-04 PUBLISHED rows=288 distinct=288 dup=0 findings=[]
PUBLISHED: series=btc_open_interest_5m period=2022-09-05
[735/1583] 2022-09-05 PUBLISHED rows=288 distinct=288 dup=0 findings=[]
PUBLISHED: series=btc_open_interest_5m period=2022-09-06
[736/1583] 2022-09-06 PUBLISHED rows=288 distinct=288 dup=0 findings=[]
PUBLISHED: series=btc_open_interest_5m period=2022-09-07
[737/1583] 2022-09-07 PUBLISHED rows=288 distinct=288 dup=0 findings=[]
PUBLISHED: series=btc_open_interest_5m period=2022-09-08
[738/1583] 2022-09-08 PUBLISHED rows=288 distinct=288 dup=0 findings=[]
PUBLISHED: series=btc_open_interest_5m period=2022-09-09
[739/1583] 2022-09-09 PUBLISHED rows=288 distinct=288 dup=0 findings=[]
PUBLISHED: series=btc_open_interest_5m period=2022-09-10
[740/1583] 2022-09-10 PUBLISHED rows=288 distinct=288 dup=0 findings=[]
PUBLISHED: series=btc_open_interest_5m period=2022-09-11
[741/1583] 2022-09-11 PUBLISHED rows=288 distinct=288 dup=0 findings=[]
PUBLISHED: series=btc_open_interest_5m period=2022-09-12
[742/1583] 2022-09-12 PUBLISHED rows=288 distinct=288 dup=0 findings=[]
PUBLISHED: series=btc_open_interest_5m period=2022-09-13
[743/1583] 2022-09-13 PUBLISHED rows=288 distinct=288 dup=0 findings=[]
PUBLISHED: series=btc_open_interest_5m period=2022-09-14
[744/1583] 2022-09-14 PUBLISHED rows=288 distinct=288 dup=0 findings=[]
PUBLISHED: series=btc_open_interest_5m period=2022-09-15
[745/1583] 2022-09-15 PUBLISHED rows=288 distinct=288 dup=0 findings=[]
PUBLISHED: series=btc_open_interest_5m period=2022-09-16
[746/1583] 2022-09-16 PUBLISHED rows=288 distinct=288 dup=0 findings=[]
PUBLISHED: series=btc_open_interest_5m period=2022-09-17
[747/1583] 2022-09-17 PUBLISHED rows=288 distinct=288 dup=0 findings=[]
PUBLISHED: series=btc_open_interest_5m period=2022-09-18
[748/1583] 2022-09-18 PUBLISHED rows=288 distinct=288 dup=0 findings=[]
PUBLISHED: series=btc_open_interest_5m period=2022-09-19
[749/1583] 2022-09-19 PUBLISHED rows=288 distinct=288 dup=0 findings=[]
PUBLISHED: series=btc_open_interest_5m period=2022-09-20
[750/1583] 2022-09-20 PUBLISHED rows=288 distinct=288 dup=0 findings=[]
PUBLISHED: series=btc_open_interest_5m period=2022-09-21
[751/1583] 2022-09-21 PUBLISHED rows=288 distinct=288 dup=0 findings=[]
PUBLISHED: series=btc_open_interest_5m period=2022-09-22
[752/1583] 2022-09-22 PUBLISHED rows=288 distinct=288 dup=0 findings=[]
PUBLISHED: series=btc_open_interest_5m period=2022-09-23
[753/1583] 2022-09-23 PUBLISHED rows=288 distinct=288 dup=0 findings=[]
PUBLISHED: series=btc_open_interest_5m period=2022-09-24
[754/1583] 2022-09-24 PUBLISHED rows=288 distinct=288 dup=0 findings=[]
PUBLISHED: series=btc_open_interest_5m period=2022-09-25
[755/1583] 2022-09-25 PUBLISHED rows=288 distinct=288 dup=0 findings=[]
PUBLISHED: series=btc_open_interest_5m period=2022-09-26
[756/1583] 2022-09-26 PUBLISHED rows=288 distinct=288 dup=0 findings=[]
PUBLISHED: series=btc_open_interest_5m period=2022-09-27
[757/1583] 2022-09-27 PUBLISHED rows=288 distinct=288 dup=0 findings=[]
PUBLISHED: series=btc_open_interest_5m period=2022-09-28
[758/1583] 2022-09-28 PUBLISHED rows=288 distinct=288 dup=0 findings=[]
PUBLISHED: series=btc_open_interest_5m period=2022-09-29
[759/1583] 2022-09-29 PUBLISHED rows=288 distinct=288 dup=0 findings=[]
PUBLISHED: series=btc_open_interest_5m period=2022-09-30
[760/1583] 2022-09-30 PUBLISHED rows=288 distinct=288 dup=0 findings=[]
PUBLISHED: series=btc_open_interest_5m period=2022-10-01
[761/1583] 2022-10-01 PUBLISHED rows=288 distinct=288 dup=0 findings=[]
PUBLISHED: series=btc_open_interest_5m period=2022-10-02
[762/1583] 2022-10-02 PUBLISHED rows=288 distinct=288 dup=0 findings=[]
PUBLISHED: series=btc_open_interest_5m period=2022-10-03
[763/1583] 2022-10-03 PUBLISHED rows=288 distinct=288 dup=0 findings=[]
PUBLISHED: series=btc_open_interest_5m period=2022-10-04
[764/1583] 2022-10-04 PUBLISHED rows=288 distinct=288 dup=0 findings=[]
PUBLISHED: series=btc_open_interest_5m period=2022-10-05
[765/1583] 2022-10-05 PUBLISHED rows=288 distinct=288 dup=0 findings=[]
PUBLISHED: series=btc_open_interest_5m period=2022-10-06
[766/1583] 2022-10-06 PUBLISHED rows=288 distinct=288 dup=0 findings=[]
PUBLISHED: series=btc_open_interest_5m period=2022-10-07
[767/1583] 2022-10-07 PUBLISHED rows=288 distinct=288 dup=0 findings=[]
PUBLISHED: series=btc_open_interest_5m period=2022-10-08
[768/1583] 2022-10-08 PUBLISHED rows=288 distinct=288 dup=0 findings=[]
PUBLISHED: series=btc_open_interest_5m period=2022-10-09
[769/1583] 2022-10-09 PUBLISHED rows=288 distinct=288 dup=0 findings=[]
PUBLISHED: series=btc_open_interest_5m period=2022-10-10
[770/1583] 2022-10-10 PUBLISHED rows=288 distinct=288 dup=0 findings=[]
PUBLISHED: series=btc_open_interest_5m period=2022-10-11
[771/1583] 2022-10-11 PUBLISHED rows=288 distinct=288 dup=0 findings=[]
PUBLISHED: series=btc_open_interest_5m period=2022-10-12
[772/1583] 2022-10-12 PUBLISHED rows=288 distinct=288 dup=0 findings=[]
PUBLISHED: series=btc_open_interest_5m period=2022-10-13
[773/1583] 2022-10-13 PUBLISHED rows=288 distinct=288 dup=0 findings=[]
PUBLISHED: series=btc_open_interest_5m period=2022-10-14
[774/1583] 2022-10-14 PUBLISHED rows=288 distinct=288 dup=0 findings=[]
PUBLISHED: series=btc_open_interest_5m period=2022-10-15
[775/1583] 2022-10-15 PUBLISHED rows=288 distinct=288 dup=0 findings=[]
PUBLISHED: series=btc_open_interest_5m period=2022-10-16
[776/1583] 2022-10-16 PUBLISHED rows=288 distinct=288 dup=0 findings=[]
PUBLISHED: series=btc_open_interest_5m period=2022-10-17
[777/1583] 2022-10-17 PUBLISHED rows=288 distinct=288 dup=0 findings=[]
PUBLISHED: series=btc_open_interest_5m period=2022-10-18
[778/1583] 2022-10-18 PUBLISHED rows=288 distinct=288 dup=0 findings=[]
PUBLISHED: series=btc_open_interest_5m period=2022-10-19
[779/1583] 2022-10-19 PUBLISHED rows=288 distinct=288 dup=0 findings=[]
PUBLISHED: series=btc_open_interest_5m period=2022-10-20
[780/1583] 2022-10-20 PUBLISHED rows=288 distinct=288 dup=0 findings=[]
PUBLISHED: series=btc_open_interest_5m period=2022-10-21
[781/1583] 2022-10-21 PUBLISHED rows=288 distinct=288 dup=0 findings=[]
PUBLISHED: series=btc_open_interest_5m period=2022-10-22
[782/1583] 2022-10-22 PUBLISHED rows=288 distinct=288 dup=0 findings=[]
PUBLISHED: series=btc_open_interest_5m period=2022-10-23
[783/1583] 2022-10-23 PUBLISHED rows=288 distinct=288 dup=0 findings=[]
PUBLISHED: series=btc_open_interest_5m period=2022-10-24
[784/1583] 2022-10-24 PUBLISHED rows=288 distinct=288 dup=0 findings=[]
PUBLISHED: series=btc_open_interest_5m period=2022-10-25
[785/1583] 2022-10-25 PUBLISHED rows=288 distinct=288 dup=0 findings=[]
PUBLISHED: series=btc_open_interest_5m period=2022-10-26
[786/1583] 2022-10-26 PUBLISHED rows=288 distinct=288 dup=0 findings=[]
PUBLISHED: series=btc_open_interest_5m period=2022-10-27
[787/1583] 2022-10-27 PUBLISHED rows=288 distinct=288 dup=0 findings=[]
PUBLISHED: series=btc_open_interest_5m period=2022-10-28
[788/1583] 2022-10-28 PUBLISHED rows=288 distinct=288 dup=0 findings=[]
PUBLISHED: series=btc_open_interest_5m period=2022-10-29
[789/1583] 2022-10-29 PUBLISHED rows=288 distinct=288 dup=0 findings=[]
PUBLISHED: series=btc_open_interest_5m period=2022-10-30
[790/1583] 2022-10-30 PUBLISHED rows=288 distinct=288 dup=0 findings=[]
PUBLISHED: series=btc_open_interest_5m period=2022-10-31
[791/1583] 2022-10-31 PUBLISHED rows=288 distinct=288 dup=0 findings=[]
PUBLISHED: series=btc_open_interest_5m period=2022-11-01
[792/1583] 2022-11-01 PUBLISHED rows=288 distinct=288 dup=0 findings=[]
PUBLISHED: series=btc_open_interest_5m period=2022-11-02
[793/1583] 2022-11-02 PUBLISHED rows=288 distinct=288 dup=0 findings=[]
PUBLISHED: series=btc_open_interest_5m period=2022-11-03
[794/1583] 2022-11-03 PUBLISHED rows=288 distinct=288 dup=0 findings=[]
PUBLISHED: series=btc_open_interest_5m period=2022-11-04
[795/1583] 2022-11-04 PUBLISHED rows=288 distinct=288 dup=0 findings=[]
PUBLISHED: series=btc_open_interest_5m period=2022-11-05
[796/1583] 2022-11-05 PUBLISHED rows=288 distinct=288 dup=0 findings=[]
PUBLISHED: series=btc_open_interest_5m period=2022-11-06
[797/1583] 2022-11-06 PUBLISHED rows=288 distinct=288 dup=0 findings=[]
PUBLISHED: series=btc_open_interest_5m period=2022-11-07
[798/1583] 2022-11-07 PUBLISHED rows=288 distinct=288 dup=0 findings=[]
PUBLISHED: series=btc_open_interest_5m period=2022-11-08
[799/1583] 2022-11-08 PUBLISHED rows=288 distinct=288 dup=0 findings=[]
PUBLISHED: series=btc_open_interest_5m period=2022-11-09
[800/1583] 2022-11-09 PUBLISHED rows=288 distinct=288 dup=0 findings=[]
PUBLISHED: series=btc_open_interest_5m period=2022-11-10
[801/1583] 2022-11-10 PUBLISHED rows=288 distinct=288 dup=0 findings=[]
PUBLISHED: series=btc_open_interest_5m period=2022-11-11
[802/1583] 2022-11-11 PUBLISHED rows=288 distinct=288 dup=0 findings=[]
PUBLISHED: series=btc_open_interest_5m period=2022-11-12
[803/1583] 2022-11-12 PUBLISHED rows=288 distinct=288 dup=0 findings=[]
PUBLISHED: series=btc_open_interest_5m period=2022-11-13
[804/1583] 2022-11-13 PUBLISHED rows=288 distinct=288 dup=0 findings=[]
PUBLISHED: series=btc_open_interest_5m period=2022-11-14
[805/1583] 2022-11-14 PUBLISHED rows=288 distinct=288 dup=0 findings=[]
PUBLISHED: series=btc_open_interest_5m period=2022-11-15
[806/1583] 2022-11-15 PUBLISHED rows=288 distinct=288 dup=0 findings=[]
PUBLISHED: series=btc_open_interest_5m period=2022-11-16
[807/1583] 2022-11-16 PUBLISHED rows=288 distinct=288 dup=0 findings=[]
PUBLISHED: series=btc_open_interest_5m period=2022-11-17
[808/1583] 2022-11-17 PUBLISHED rows=288 distinct=288 dup=0 findings=[]
PUBLISHED: series=btc_open_interest_5m period=2022-11-18
[809/1583] 2022-11-18 PUBLISHED rows=288 distinct=288 dup=0 findings=[]
PUBLISHED: series=btc_open_interest_5m period=2022-11-19
[810/1583] 2022-11-19 PUBLISHED rows=288 distinct=288 dup=0 findings=[]
PUBLISHED: series=btc_open_interest_5m period=2022-11-20
[811/1583] 2022-11-20 PUBLISHED rows=288 distinct=288 dup=0 findings=[]
PUBLISHED: series=btc_open_interest_5m period=2022-11-21
[812/1583] 2022-11-21 PUBLISHED rows=288 distinct=288 dup=0 findings=[]
PUBLISHED: series=btc_open_interest_5m period=2022-11-22
[813/1583] 2022-11-22 PUBLISHED rows=288 distinct=288 dup=0 findings=[]
PUBLISHED: series=btc_open_interest_5m period=2022-11-23
[814/1583] 2022-11-23 PUBLISHED rows=288 distinct=288 dup=0 findings=[]
PUBLISHED: series=btc_open_interest_5m period=2022-11-24
[815/1583] 2022-11-24 PUBLISHED rows=288 distinct=288 dup=0 findings=[]
PUBLISHED: series=btc_open_interest_5m period=2022-11-25
[816/1583] 2022-11-25 PUBLISHED rows=288 distinct=288 dup=0 findings=[]
PUBLISHED: series=btc_open_interest_5m period=2022-11-26
[817/1583] 2022-11-26 PUBLISHED rows=288 distinct=288 dup=0 findings=[]
PUBLISHED: series=btc_open_interest_5m period=2022-11-27
[818/1583] 2022-11-27 PUBLISHED rows=288 distinct=288 dup=0 findings=[]
PUBLISHED: series=btc_open_interest_5m period=2022-11-28
[819/1583] 2022-11-28 PUBLISHED rows=288 distinct=288 dup=0 findings=[]
PUBLISHED: series=btc_open_interest_5m period=2022-11-29
[820/1583] 2022-11-29 PUBLISHED rows=288 distinct=288 dup=0 findings=[]
PUBLISHED: series=btc_open_interest_5m period=2022-11-30
[821/1583] 2022-11-30 PUBLISHED rows=288 distinct=288 dup=0 findings=[]
PUBLISHED: series=btc_open_interest_5m period=2022-12-01
[822/1583] 2022-12-01 PUBLISHED rows=288 distinct=288 dup=0 findings=[]
PUBLISHED: series=btc_open_interest_5m period=2022-12-02
[823/1583] 2022-12-02 PUBLISHED rows=288 distinct=288 dup=0 findings=[]
PUBLISHED: series=btc_open_interest_5m period=2022-12-03
[824/1583] 2022-12-03 PUBLISHED rows=288 distinct=288 dup=0 findings=[]
PUBLISHED: series=btc_open_interest_5m period=2022-12-04
[825/1583] 2022-12-04 PUBLISHED rows=288 distinct=288 dup=0 findings=[]
PUBLISHED: series=btc_open_interest_5m period=2022-12-05
[826/1583] 2022-12-05 PUBLISHED rows=288 distinct=288 dup=0 findings=[]
PUBLISHED: series=btc_open_interest_5m period=2022-12-06
[827/1583] 2022-12-06 PUBLISHED rows=288 distinct=288 dup=0 findings=[]
PUBLISHED: series=btc_open_interest_5m period=2022-12-07
[828/1583] 2022-12-07 PUBLISHED rows=288 distinct=288 dup=0 findings=[]
PUBLISHED: series=btc_open_interest_5m period=2022-12-08
[829/1583] 2022-12-08 PUBLISHED rows=288 distinct=288 dup=0 findings=[]
PUBLISHED: series=btc_open_interest_5m period=2022-12-09
[830/1583] 2022-12-09 PUBLISHED rows=288 distinct=288 dup=0 findings=[]
PUBLISHED: series=btc_open_interest_5m period=2022-12-10
[831/1583] 2022-12-10 PUBLISHED rows=288 distinct=288 dup=0 findings=[]
PUBLISHED: series=btc_open_interest_5m period=2022-12-11
[832/1583] 2022-12-11 PUBLISHED rows=288 distinct=288 dup=0 findings=[]
PUBLISHED: series=btc_open_interest_5m period=2022-12-12
[833/1583] 2022-12-12 PUBLISHED rows=288 distinct=288 dup=0 findings=[]
PUBLISHED: series=btc_open_interest_5m period=2022-12-13
[834/1583] 2022-12-13 PUBLISHED rows=288 distinct=288 dup=0 findings=[]
PUBLISHED: series=btc_open_interest_5m period=2022-12-14
[835/1583] 2022-12-14 PUBLISHED rows=288 distinct=288 dup=0 findings=[]
PUBLISHED: series=btc_open_interest_5m period=2022-12-15
[836/1583] 2022-12-15 PUBLISHED rows=288 distinct=288 dup=0 findings=[]
PUBLISHED: series=btc_open_interest_5m period=2022-12-16
[837/1583] 2022-12-16 PUBLISHED rows=288 distinct=288 dup=0 findings=[]
PUBLISHED: series=btc_open_interest_5m period=2022-12-17
[838/1583] 2022-12-17 PUBLISHED rows=288 distinct=288 dup=0 findings=[]
PUBLISHED: series=btc_open_interest_5m period=2022-12-18
[839/1583] 2022-12-18 PUBLISHED rows=288 distinct=288 dup=0 findings=[]
PUBLISHED: series=btc_open_interest_5m period=2022-12-19
[840/1583] 2022-12-19 PUBLISHED rows=288 distinct=288 dup=0 findings=[]
PUBLISHED: series=btc_open_interest_5m period=2022-12-20
[841/1583] 2022-12-20 PUBLISHED rows=288 distinct=288 dup=0 findings=[]
PUBLISHED: series=btc_open_interest_5m period=2022-12-21
[842/1583] 2022-12-21 PUBLISHED rows=288 distinct=288 dup=0 findings=[]
PUBLISHED: series=btc_open_interest_5m period=2022-12-22
[843/1583] 2022-12-22 PUBLISHED rows=288 distinct=288 dup=0 findings=[]
PUBLISHED: series=btc_open_interest_5m period=2022-12-23
[844/1583] 2022-12-23 PUBLISHED rows=288 distinct=288 dup=0 findings=[]
PUBLISHED: series=btc_open_interest_5m period=2022-12-24
[845/1583] 2022-12-24 PUBLISHED rows=288 distinct=288 dup=0 findings=[]
PUBLISHED: series=btc_open_interest_5m period=2022-12-25
[846/1583] 2022-12-25 PUBLISHED rows=288 distinct=288 dup=0 findings=[]
PUBLISHED: series=btc_open_interest_5m period=2022-12-26
[847/1583] 2022-12-26 PUBLISHED rows=288 distinct=288 dup=0 findings=[]
PUBLISHED: series=btc_open_interest_5m period=2022-12-27
[848/1583] 2022-12-27 PUBLISHED rows=288 distinct=288 dup=0 findings=[]
PUBLISHED: series=btc_open_interest_5m period=2022-12-28
[849/1583] 2022-12-28 PUBLISHED rows=288 distinct=288 dup=0 findings=[]
PUBLISHED: series=btc_open_interest_5m period=2022-12-29
[850/1583] 2022-12-29 PUBLISHED rows=288 distinct=288 dup=0 findings=[]
PUBLISHED: series=btc_open_interest_5m period=2022-12-30
[851/1583] 2022-12-30 PUBLISHED rows=288 distinct=288 dup=0 findings=[]
PUBLISHED: series=btc_open_interest_5m period=2022-12-31
[852/1583] 2022-12-31 PUBLISHED rows=288 distinct=288 dup=0 findings=[]
PUBLISHED: series=btc_open_interest_5m period=2023-01-01
[853/1583] 2023-01-01 PUBLISHED rows=288 distinct=288 dup=0 findings=[]
PUBLISHED: series=btc_open_interest_5m period=2023-01-02
[854/1583] 2023-01-02 PUBLISHED rows=288 distinct=288 dup=0 findings=[]
PUBLISHED: series=btc_open_interest_5m period=2023-01-03
[855/1583] 2023-01-03 PUBLISHED rows=288 distinct=288 dup=0 findings=[]
PUBLISHED: series=btc_open_interest_5m period=2023-01-04
[856/1583] 2023-01-04 PUBLISHED rows=288 distinct=288 dup=0 findings=[]
PUBLISHED: series=btc_open_interest_5m period=2023-01-05
[857/1583] 2023-01-05 PUBLISHED rows=288 distinct=288 dup=0 findings=[]
PUBLISHED: series=btc_open_interest_5m period=2023-01-06
[858/1583] 2023-01-06 PUBLISHED rows=288 distinct=288 dup=0 findings=[]
PUBLISHED: series=btc_open_interest_5m period=2023-01-07
[859/1583] 2023-01-07 PUBLISHED rows=288 distinct=288 dup=0 findings=[]
PUBLISHED: series=btc_open_interest_5m period=2023-01-08
[860/1583] 2023-01-08 PUBLISHED rows=288 distinct=288 dup=0 findings=[]
PUBLISHED: series=btc_open_interest_5m period=2023-01-09
[861/1583] 2023-01-09 PUBLISHED rows=288 distinct=288 dup=0 findings=[]
PUBLISHED: series=btc_open_interest_5m period=2023-01-10
[862/1583] 2023-01-10 PUBLISHED rows=288 distinct=288 dup=0 findings=[]
PUBLISHED: series=btc_open_interest_5m period=2023-01-11
[863/1583] 2023-01-11 PUBLISHED rows=288 distinct=288 dup=0 findings=[]
PUBLISHED: series=btc_open_interest_5m period=2023-01-12
[864/1583] 2023-01-12 PUBLISHED rows=288 distinct=288 dup=0 findings=[]
PUBLISHED: series=btc_open_interest_5m period=2023-01-13
[865/1583] 2023-01-13 PUBLISHED rows=288 distinct=288 dup=0 findings=[]
PUBLISHED: series=btc_open_interest_5m period=2023-01-14
[866/1583] 2023-01-14 PUBLISHED rows=288 distinct=288 dup=0 findings=[]
PUBLISHED: series=btc_open_interest_5m period=2023-01-15
[867/1583] 2023-01-15 PUBLISHED rows=288 distinct=288 dup=0 findings=[]
PUBLISHED: series=btc_open_interest_5m period=2023-01-16
[868/1583] 2023-01-16 PUBLISHED rows=288 distinct=288 dup=0 findings=[]
PUBLISHED: series=btc_open_interest_5m period=2023-01-17
[869/1583] 2023-01-17 PUBLISHED rows=288 distinct=288 dup=0 findings=[]
PUBLISHED: series=btc_open_interest_5m period=2023-01-18
[870/1583] 2023-01-18 PUBLISHED rows=288 distinct=288 dup=0 findings=[]
PUBLISHED: series=btc_open_interest_5m period=2023-01-19
[871/1583] 2023-01-19 PUBLISHED rows=288 distinct=288 dup=0 findings=[]
PUBLISHED: series=btc_open_interest_5m period=2023-01-20
[872/1583] 2023-01-20 PUBLISHED rows=288 distinct=288 dup=0 findings=[]
PUBLISHED: series=btc_open_interest_5m period=2023-01-21
[873/1583] 2023-01-21 PUBLISHED rows=288 distinct=288 dup=0 findings=[]
PUBLISHED: series=btc_open_interest_5m period=2023-01-22
[874/1583] 2023-01-22 PUBLISHED rows=288 distinct=288 dup=0 findings=[]
PUBLISHED: series=btc_open_interest_5m period=2023-01-23
[875/1583] 2023-01-23 PUBLISHED rows=288 distinct=288 dup=0 findings=[]
PUBLISHED: series=btc_open_interest_5m period=2023-01-24
[876/1583] 2023-01-24 PUBLISHED rows=288 distinct=288 dup=0 findings=[]
PUBLISHED: series=btc_open_interest_5m period=2023-01-25
[877/1583] 2023-01-25 PUBLISHED rows=288 distinct=288 dup=0 findings=[]
PUBLISHED: series=btc_open_interest_5m period=2023-01-26
[878/1583] 2023-01-26 PUBLISHED rows=288 distinct=288 dup=0 findings=[]
PUBLISHED: series=btc_open_interest_5m period=2023-01-27
[879/1583] 2023-01-27 PUBLISHED rows=288 distinct=288 dup=0 findings=[]
PUBLISHED: series=btc_open_interest_5m period=2023-01-28
[880/1583] 2023-01-28 PUBLISHED rows=288 distinct=288 dup=0 findings=[]
PUBLISHED: series=btc_open_interest_5m period=2023-01-29
[881/1583] 2023-01-29 PUBLISHED rows=288 distinct=288 dup=0 findings=[]
PUBLISHED: series=btc_open_interest_5m period=2023-01-30
[882/1583] 2023-01-30 PUBLISHED rows=288 distinct=288 dup=0 findings=[]
PUBLISHED: series=btc_open_interest_5m period=2023-01-31
[883/1583] 2023-01-31 PUBLISHED rows=288 distinct=288 dup=0 findings=[]
PUBLISHED: series=btc_open_interest_5m period=2023-02-01
[884/1583] 2023-02-01 PUBLISHED rows=288 distinct=288 dup=0 findings=[]
PUBLISHED: series=btc_open_interest_5m period=2023-02-02
[885/1583] 2023-02-02 PUBLISHED rows=288 distinct=288 dup=0 findings=[]
PUBLISHED: series=btc_open_interest_5m period=2023-02-03
[886/1583] 2023-02-03 PUBLISHED rows=288 distinct=288 dup=0 findings=[]
PUBLISHED: series=btc_open_interest_5m period=2023-02-04
[887/1583] 2023-02-04 PUBLISHED rows=288 distinct=288 dup=0 findings=[]
PUBLISHED: series=btc_open_interest_5m period=2023-02-05
[888/1583] 2023-02-05 PUBLISHED rows=288 distinct=288 dup=0 findings=[]
PUBLISHED: series=btc_open_interest_5m period=2023-02-06
[889/1583] 2023-02-06 PUBLISHED rows=288 distinct=288 dup=0 findings=[]
PUBLISHED: series=btc_open_interest_5m period=2023-02-07
[890/1583] 2023-02-07 PUBLISHED rows=288 distinct=288 dup=0 findings=[]
PUBLISHED: series=btc_open_interest_5m period=2023-02-08
[891/1583] 2023-02-08 PUBLISHED rows=288 distinct=288 dup=0 findings=[]
PUBLISHED: series=btc_open_interest_5m period=2023-02-09
[892/1583] 2023-02-09 PUBLISHED rows=288 distinct=288 dup=0 findings=[]
PUBLISHED: series=btc_open_interest_5m period=2023-02-10
[893/1583] 2023-02-10 PUBLISHED rows=288 distinct=288 dup=0 findings=[]
PUBLISHED: series=btc_open_interest_5m period=2023-02-11
[894/1583] 2023-02-11 PUBLISHED rows=288 distinct=288 dup=0 findings=[]
PUBLISHED: series=btc_open_interest_5m period=2023-02-12
[895/1583] 2023-02-12 PUBLISHED rows=288 distinct=288 dup=0 findings=[]
PUBLISHED: series=btc_open_interest_5m period=2023-02-13
[896/1583] 2023-02-13 PUBLISHED rows=288 distinct=288 dup=0 findings=[]
PUBLISHED: series=btc_open_interest_5m period=2023-02-14
[897/1583] 2023-02-14 PUBLISHED rows=288 distinct=288 dup=0 findings=[]
PUBLISHED: series=btc_open_interest_5m period=2023-02-15
[898/1583] 2023-02-15 PUBLISHED rows=288 distinct=288 dup=0 findings=[]
PUBLISHED: series=btc_open_interest_5m period=2023-02-16
[899/1583] 2023-02-16 PUBLISHED rows=288 distinct=288 dup=0 findings=[]
PUBLISHED: series=btc_open_interest_5m period=2023-02-17
[900/1583] 2023-02-17 PUBLISHED rows=288 distinct=288 dup=0 findings=[]
PUBLISHED: series=btc_open_interest_5m period=2023-02-18
[901/1583] 2023-02-18 PUBLISHED rows=288 distinct=288 dup=0 findings=[]
PUBLISHED: series=btc_open_interest_5m period=2023-02-19
[902/1583] 2023-02-19 PUBLISHED rows=288 distinct=288 dup=0 findings=[]
PUBLISHED: series=btc_open_interest_5m period=2023-02-20
[903/1583] 2023-02-20 PUBLISHED rows=288 distinct=288 dup=0 findings=[]
PUBLISHED: series=btc_open_interest_5m period=2023-02-21
[904/1583] 2023-02-21 PUBLISHED rows=288 distinct=288 dup=0 findings=[]
PUBLISHED: series=btc_open_interest_5m period=2023-02-22
[905/1583] 2023-02-22 PUBLISHED rows=288 distinct=288 dup=0 findings=[]
PUBLISHED: series=btc_open_interest_5m period=2023-02-23
[906/1583] 2023-02-23 PUBLISHED rows=288 distinct=288 dup=0 findings=[]
PUBLISHED: series=btc_open_interest_5m period=2023-02-24
[907/1583] 2023-02-24 PUBLISHED rows=288 distinct=288 dup=0 findings=[]
PUBLISHED: series=btc_open_interest_5m period=2023-02-25
[908/1583] 2023-02-25 PUBLISHED rows=288 distinct=288 dup=0 findings=[]
PUBLISHED: series=btc_open_interest_5m period=2023-02-26
[909/1583] 2023-02-26 PUBLISHED rows=288 distinct=288 dup=0 findings=[]
PUBLISHED: series=btc_open_interest_5m period=2023-02-27
[910/1583] 2023-02-27 PUBLISHED rows=288 distinct=288 dup=0 findings=[]
PUBLISHED: series=btc_open_interest_5m period=2023-02-28
[911/1583] 2023-02-28 PUBLISHED rows=288 distinct=288 dup=0 findings=[]
PUBLISHED: series=btc_open_interest_5m period=2023-03-01
[912/1583] 2023-03-01 PUBLISHED rows=288 distinct=288 dup=0 findings=[]
PUBLISHED: series=btc_open_interest_5m period=2023-03-02
[913/1583] 2023-03-02 PUBLISHED rows=288 distinct=288 dup=0 findings=[]
PUBLISHED: series=btc_open_interest_5m period=2023-03-03
[914/1583] 2023-03-03 PUBLISHED rows=288 distinct=288 dup=0 findings=[]
PUBLISHED: series=btc_open_interest_5m period=2023-03-04
[915/1583] 2023-03-04 PUBLISHED rows=288 distinct=288 dup=0 findings=[]
PUBLISHED: series=btc_open_interest_5m period=2023-03-05
[916/1583] 2023-03-05 PUBLISHED rows=288 distinct=288 dup=0 findings=[]
PUBLISHED: series=btc_open_interest_5m period=2023-03-06
[917/1583] 2023-03-06 PUBLISHED rows=288 distinct=288 dup=0 findings=[]
PUBLISHED: series=btc_open_interest_5m period=2023-03-07
[918/1583] 2023-03-07 PUBLISHED rows=288 distinct=288 dup=0 findings=[]
PUBLISHED: series=btc_open_interest_5m period=2023-03-08
[919/1583] 2023-03-08 PUBLISHED rows=288 distinct=288 dup=0 findings=[]
PUBLISHED: series=btc_open_interest_5m period=2023-03-09
[920/1583] 2023-03-09 PUBLISHED rows=288 distinct=288 dup=0 findings=[]
PUBLISHED: series=btc_open_interest_5m period=2023-03-10
[921/1583] 2023-03-10 PUBLISHED rows=288 distinct=288 dup=0 findings=[]
PUBLISHED: series=btc_open_interest_5m period=2023-03-11
[922/1583] 2023-03-11 PUBLISHED rows=288 distinct=288 dup=0 findings=[]
PUBLISHED: series=btc_open_interest_5m period=2023-03-12
[923/1583] 2023-03-12 PUBLISHED rows=288 distinct=288 dup=0 findings=[]
PUBLISHED: series=btc_open_interest_5m period=2023-03-13
[924/1583] 2023-03-13 PUBLISHED rows=288 distinct=288 dup=0 findings=[]
PUBLISHED: series=btc_open_interest_5m period=2023-03-14
[925/1583] 2023-03-14 PUBLISHED rows=288 distinct=288 dup=0 findings=[]
PUBLISHED: series=btc_open_interest_5m period=2023-03-15
[926/1583] 2023-03-15 PUBLISHED rows=288 distinct=288 dup=0 findings=[]
PUBLISHED: series=btc_open_interest_5m period=2023-03-16
[927/1583] 2023-03-16 PUBLISHED rows=288 distinct=288 dup=0 findings=[]
PUBLISHED: series=btc_open_interest_5m period=2023-03-17
[928/1583] 2023-03-17 PUBLISHED rows=288 distinct=288 dup=0 findings=[]
PUBLISHED: series=btc_open_interest_5m period=2023-03-18
[929/1583] 2023-03-18 PUBLISHED rows=288 distinct=288 dup=0 findings=[]
PUBLISHED: series=btc_open_interest_5m period=2023-03-19
[930/1583] 2023-03-19 PUBLISHED rows=288 distinct=288 dup=0 findings=[]
PUBLISHED: series=btc_open_interest_5m period=2023-03-20
[931/1583] 2023-03-20 PUBLISHED rows=288 distinct=288 dup=0 findings=[]
PUBLISHED: series=btc_open_interest_5m period=2023-03-21
[932/1583] 2023-03-21 PUBLISHED rows=288 distinct=288 dup=0 findings=[]
PUBLISHED: series=btc_open_interest_5m period=2023-03-22
[933/1583] 2023-03-22 PUBLISHED rows=288 distinct=288 dup=0 findings=[]
PUBLISHED: series=btc_open_interest_5m period=2023-03-23
[934/1583] 2023-03-23 PUBLISHED rows=288 distinct=288 dup=0 findings=[]
PUBLISHED: series=btc_open_interest_5m period=2023-03-24
[935/1583] 2023-03-24 PUBLISHED rows=288 distinct=288 dup=0 findings=[]
PUBLISHED: series=btc_open_interest_5m period=2023-03-25
[936/1583] 2023-03-25 PUBLISHED rows=288 distinct=288 dup=0 findings=[]
PUBLISHED: series=btc_open_interest_5m period=2023-03-26
[937/1583] 2023-03-26 PUBLISHED rows=288 distinct=288 dup=0 findings=[]
PUBLISHED: series=btc_open_interest_5m period=2023-03-27
[938/1583] 2023-03-27 PUBLISHED rows=288 distinct=288 dup=0 findings=[]
PUBLISHED: series=btc_open_interest_5m period=2023-03-28
[939/1583] 2023-03-28 PUBLISHED rows=288 distinct=288 dup=0 findings=[]
PUBLISHED: series=btc_open_interest_5m period=2023-03-29
[940/1583] 2023-03-29 PUBLISHED rows=288 distinct=288 dup=0 findings=[]
PUBLISHED: series=btc_open_interest_5m period=2023-03-30
[941/1583] 2023-03-30 PUBLISHED rows=288 distinct=288 dup=0 findings=[]
PUBLISHED: series=btc_open_interest_5m period=2023-03-31
[942/1583] 2023-03-31 PUBLISHED rows=288 distinct=288 dup=0 findings=[]
PUBLISHED: series=btc_open_interest_5m period=2023-04-01
[943/1583] 2023-04-01 PUBLISHED rows=288 distinct=288 dup=0 findings=[]
PUBLISHED: series=btc_open_interest_5m period=2023-04-02
[944/1583] 2023-04-02 PUBLISHED rows=288 distinct=288 dup=0 findings=[]
PUBLISHED: series=btc_open_interest_5m period=2023-04-03
[945/1583] 2023-04-03 PUBLISHED rows=288 distinct=288 dup=0 findings=[]
PUBLISHED: series=btc_open_interest_5m period=2023-04-04
[946/1583] 2023-04-04 PUBLISHED rows=288 distinct=288 dup=0 findings=[]
PUBLISHED: series=btc_open_interest_5m period=2023-04-05
[947/1583] 2023-04-05 PUBLISHED rows=288 distinct=288 dup=0 findings=[]
PUBLISHED: series=btc_open_interest_5m period=2023-04-06
[948/1583] 2023-04-06 PUBLISHED rows=288 distinct=288 dup=0 findings=[]
PUBLISHED: series=btc_open_interest_5m period=2023-04-07
[949/1583] 2023-04-07 PUBLISHED rows=288 distinct=288 dup=0 findings=[]
PUBLISHED: series=btc_open_interest_5m period=2023-04-08
[950/1583] 2023-04-08 PUBLISHED rows=288 distinct=288 dup=0 findings=[]
PUBLISHED: series=btc_open_interest_5m period=2023-04-09
[951/1583] 2023-04-09 PUBLISHED rows=288 distinct=288 dup=0 findings=[]
PUBLISHED: series=btc_open_interest_5m period=2023-04-10
[952/1583] 2023-04-10 PUBLISHED rows=288 distinct=288 dup=0 findings=[]
PUBLISHED: series=btc_open_interest_5m period=2023-04-11
[953/1583] 2023-04-11 PUBLISHED rows=288 distinct=288 dup=0 findings=[]
PUBLISHED: series=btc_open_interest_5m period=2023-04-12
[954/1583] 2023-04-12 PUBLISHED rows=288 distinct=288 dup=0 findings=[]
PUBLISHED: series=btc_open_interest_5m period=2023-04-13
[955/1583] 2023-04-13 PUBLISHED rows=288 distinct=288 dup=0 findings=[]
PUBLISHED: series=btc_open_interest_5m period=2023-04-14
[956/1583] 2023-04-14 PUBLISHED rows=288 distinct=288 dup=0 findings=[]
PUBLISHED: series=btc_open_interest_5m period=2023-04-15
[957/1583] 2023-04-15 PUBLISHED rows=288 distinct=288 dup=0 findings=[]
PUBLISHED: series=btc_open_interest_5m period=2023-04-16
[958/1583] 2023-04-16 PUBLISHED rows=288 distinct=288 dup=0 findings=[]
PUBLISHED: series=btc_open_interest_5m period=2023-04-17
[959/1583] 2023-04-17 PUBLISHED rows=288 distinct=288 dup=0 findings=[]
PUBLISHED: series=btc_open_interest_5m period=2023-04-18
[960/1583] 2023-04-18 PUBLISHED rows=288 distinct=288 dup=0 findings=[]
PUBLISHED: series=btc_open_interest_5m period=2023-04-19
[961/1583] 2023-04-19 PUBLISHED rows=288 distinct=288 dup=0 findings=[]
PUBLISHED: series=btc_open_interest_5m period=2023-04-20
[962/1583] 2023-04-20 PUBLISHED rows=288 distinct=288 dup=0 findings=[]
PUBLISHED: series=btc_open_interest_5m period=2023-04-21
[963/1583] 2023-04-21 PUBLISHED rows=288 distinct=288 dup=0 findings=[]
PUBLISHED: series=btc_open_interest_5m period=2023-04-22
[964/1583] 2023-04-22 PUBLISHED rows=288 distinct=288 dup=0 findings=[]
PUBLISHED: series=btc_open_interest_5m period=2023-04-23
[965/1583] 2023-04-23 PUBLISHED rows=288 distinct=288 dup=0 findings=[]
PUBLISHED: series=btc_open_interest_5m period=2023-04-24
[966/1583] 2023-04-24 PUBLISHED rows=288 distinct=288 dup=0 findings=[]
PUBLISHED: series=btc_open_interest_5m period=2023-04-25
[967/1583] 2023-04-25 PUBLISHED rows=288 distinct=288 dup=0 findings=[]
PUBLISHED: series=btc_open_interest_5m period=2023-04-26
[968/1583] 2023-04-26 PUBLISHED rows=288 distinct=288 dup=0 findings=[]
PUBLISHED: series=btc_open_interest_5m period=2023-04-27
[969/1583] 2023-04-27 PUBLISHED rows=288 distinct=288 dup=0 findings=[]
PUBLISHED: series=btc_open_interest_5m period=2023-04-28
[970/1583] 2023-04-28 PUBLISHED rows=288 distinct=288 dup=0 findings=[]
PUBLISHED: series=btc_open_interest_5m period=2023-04-29
[971/1583] 2023-04-29 PUBLISHED rows=288 distinct=288 dup=0 findings=[]
PUBLISHED: series=btc_open_interest_5m period=2023-04-30
[972/1583] 2023-04-30 PUBLISHED rows=288 distinct=288 dup=0 findings=[]
PUBLISHED: series=btc_open_interest_5m period=2023-05-01
[973/1583] 2023-05-01 PUBLISHED rows=288 distinct=288 dup=0 findings=[]
PUBLISHED: series=btc_open_interest_5m period=2023-05-02
[974/1583] 2023-05-02 PUBLISHED rows=288 distinct=288 dup=0 findings=[]
PUBLISHED: series=btc_open_interest_5m period=2023-05-03
[975/1583] 2023-05-03 PUBLISHED rows=288 distinct=288 dup=0 findings=[]
PUBLISHED: series=btc_open_interest_5m period=2023-05-04
[976/1583] 2023-05-04 PUBLISHED rows=288 distinct=288 dup=0 findings=[]
PUBLISHED: series=btc_open_interest_5m period=2023-05-05
[977/1583] 2023-05-05 PUBLISHED rows=288 distinct=288 dup=0 findings=[]
PUBLISHED: series=btc_open_interest_5m period=2023-05-06
[978/1583] 2023-05-06 PUBLISHED rows=288 distinct=288 dup=0 findings=[]
PUBLISHED: series=btc_open_interest_5m period=2023-05-07
[979/1583] 2023-05-07 PUBLISHED rows=288 distinct=288 dup=0 findings=[]
PUBLISHED: series=btc_open_interest_5m period=2023-05-08
[980/1583] 2023-05-08 PUBLISHED rows=288 distinct=288 dup=0 findings=[]
PUBLISHED: series=btc_open_interest_5m period=2023-05-09
[981/1583] 2023-05-09 PUBLISHED rows=288 distinct=288 dup=0 findings=[]
PUBLISHED: series=btc_open_interest_5m period=2023-05-10
[982/1583] 2023-05-10 PUBLISHED rows=288 distinct=288 dup=0 findings=[]
PUBLISHED: series=btc_open_interest_5m period=2023-05-11
[983/1583] 2023-05-11 PUBLISHED rows=288 distinct=288 dup=0 findings=[]
PUBLISHED: series=btc_open_interest_5m period=2023-05-12
[984/1583] 2023-05-12 PUBLISHED rows=288 distinct=288 dup=0 findings=[]
PUBLISHED: series=btc_open_interest_5m period=2023-05-13
[985/1583] 2023-05-13 PUBLISHED rows=288 distinct=288 dup=0 findings=[]
PUBLISHED: series=btc_open_interest_5m period=2023-05-14
[986/1583] 2023-05-14 PUBLISHED rows=288 distinct=288 dup=0 findings=[]
PUBLISHED: series=btc_open_interest_5m period=2023-05-15
[987/1583] 2023-05-15 PUBLISHED rows=288 distinct=288 dup=0 findings=[]
PUBLISHED: series=btc_open_interest_5m period=2023-05-16
[988/1583] 2023-05-16 PUBLISHED rows=288 distinct=288 dup=0 findings=[]
PUBLISHED: series=btc_open_interest_5m period=2023-05-17
[989/1583] 2023-05-17 PUBLISHED rows=288 distinct=288 dup=0 findings=[]
PUBLISHED: series=btc_open_interest_5m period=2023-05-18
[990/1583] 2023-05-18 PUBLISHED rows=288 distinct=288 dup=0 findings=[]
PUBLISHED: series=btc_open_interest_5m period=2023-05-19
[991/1583] 2023-05-19 PUBLISHED rows=288 distinct=288 dup=0 findings=[]
PUBLISHED: series=btc_open_interest_5m period=2023-05-20
[992/1583] 2023-05-20 PUBLISHED rows=288 distinct=288 dup=0 findings=[]
PUBLISHED: series=btc_open_interest_5m period=2023-05-21
[993/1583] 2023-05-21 PUBLISHED rows=288 distinct=288 dup=0 findings=[]
PUBLISHED: series=btc_open_interest_5m period=2023-05-22
[994/1583] 2023-05-22 PUBLISHED rows=288 distinct=288 dup=0 findings=[]
PUBLISHED: series=btc_open_interest_5m period=2023-05-23
[995/1583] 2023-05-23 PUBLISHED rows=288 distinct=288 dup=0 findings=[]
PUBLISHED: series=btc_open_interest_5m period=2023-05-24
[996/1583] 2023-05-24 PUBLISHED rows=288 distinct=288 dup=0 findings=[]
PUBLISHED: series=btc_open_interest_5m period=2023-05-25
[997/1583] 2023-05-25 PUBLISHED rows=288 distinct=288 dup=0 findings=[]
PUBLISHED: series=btc_open_interest_5m period=2023-05-26
[998/1583] 2023-05-26 PUBLISHED rows=288 distinct=288 dup=0 findings=[]
PUBLISHED: series=btc_open_interest_5m period=2023-05-27
[999/1583] 2023-05-27 PUBLISHED rows=288 distinct=288 dup=0 findings=[]
PUBLISHED: series=btc_open_interest_5m period=2023-05-28
[1000/1583] 2023-05-28 PUBLISHED rows=288 distinct=288 dup=0 findings=[]
PUBLISHED: series=btc_open_interest_5m period=2023-05-29
[1001/1583] 2023-05-29 PUBLISHED rows=288 distinct=288 dup=0 findings=[]
PUBLISHED: series=btc_open_interest_5m period=2023-05-30
[1002/1583] 2023-05-30 PUBLISHED rows=288 distinct=288 dup=0 findings=[]
PUBLISHED: series=btc_open_interest_5m period=2023-05-31
[1003/1583] 2023-05-31 PUBLISHED rows=288 distinct=288 dup=0 findings=[]
PUBLISHED: series=btc_open_interest_5m period=2023-06-01
[1004/1583] 2023-06-01 PUBLISHED rows=288 distinct=288 dup=0 findings=[]
PUBLISHED: series=btc_open_interest_5m period=2023-06-02
[1005/1583] 2023-06-02 PUBLISHED rows=288 distinct=288 dup=0 findings=[]
PUBLISHED: series=btc_open_interest_5m period=2023-06-03
[1006/1583] 2023-06-03 PUBLISHED rows=288 distinct=288 dup=0 findings=[]
PUBLISHED: series=btc_open_interest_5m period=2023-06-04
[1007/1583] 2023-06-04 PUBLISHED rows=288 distinct=288 dup=0 findings=[]
PUBLISHED: series=btc_open_interest_5m period=2023-06-05
[1008/1583] 2023-06-05 PUBLISHED rows=288 distinct=288 dup=0 findings=[]
PUBLISHED: series=btc_open_interest_5m period=2023-06-06
